﻿<?xml version="1.0" encoding="utf-8"?>
<LocalizationDB xmlns:xsd="http://www.w3.org/2001/XMLSchema"
				xmlns:xsi="http://www.w3.org/2001/XMLSchema-instance">
	<sentences>
		<LocalizationSentence>
			<code>unlock_line_name</code>
			<sentence>マルチプレイヤーモードをプレイしてアイテムをアンロックしましょう。</sentence>
		</LocalizationSentence>
		<LocalizationSentence>
			<code>eerie2_talker_tip</code>
			<sentence>ヒント</sentence>
		</LocalizationSentence>
		<LocalizationSentence>
			<code>mainmenu_start</code>
			<sentence>新しいゲーム</sentence>
		</LocalizationSentence>
		<LocalizationSentence>
			<code>mainmenu_exit</code>
			<sentence>終了</sentence>
		</LocalizationSentence>
		<LocalizationSentence>
			<code>mainmenu_settings</code>
			<sentence>設定</sentence>
		</LocalizationSentence>
		<LocalizationSentence>
			<code>mainmenu_load</code>
			<sentence>ゲームをロード</sentence>
		</LocalizationSentence>
		<LocalizationSentence>
			<code>mainmenu_save</code>
			<sentence>ゲームを保存</sentence>
		</LocalizationSentence>
		<LocalizationSentence>
			<code>mainmenu_online</code>
			<sentence>インターネットマルチプレイ</sentence>
		</LocalizationSentence>
		<LocalizationSentence>
			<code>mainmenu_disconnect</code>
			<sentence>切断</sentence>
		</LocalizationSentence>
		<LocalizationSentence>
			<code>mainmenu_lan</code>
			<sentence>LANマルチプレイ</sentence>
		</LocalizationSentence>
		<LocalizationSentence>
			<code>mainmenu_online_windows</code>
			<sentence>マルチプレイゲーム</sentence>
		</LocalizationSentence>
		<LocalizationSentence>
			<code>mainmenu_save_windows</code>
			<sentence>セーブリスト</sentence>
		</LocalizationSentence>
		<LocalizationSentence>
			<code>mainmenu_credits</code>
			<sentence>クレジット</sentence>
		</LocalizationSentence>
		<LocalizationSentence>
			<code>mainmenu_urea_tool</code>
			<sentence>Ureaツール</sentence>
		</LocalizationSentence>
		<LocalizationSentence>
			<code>save_windows_load</code>
			<sentence>選択したものをロード</sentence>
		</LocalizationSentence>
		<LocalizationSentence>
			<code>save_windows_override</code>
			<sentence>選択したものを上書き</sentence>
		</LocalizationSentence>
		<LocalizationSentence>
			<code>save_windows_delet</code>
			<sentence>選択したものを削除</sentence>
		</LocalizationSentence>
		<LocalizationSentence>
			<code>save_windows_save</code>
			<sentence>新規セーブ</sentence>
		</LocalizationSentence>
		<LocalizationSentence>
			<code>save_windows_save_name</code>
			<sentence>新しいセーブ名</sentence>
		</LocalizationSentence>
		<LocalizationSentence>
			<code>save_window_save_tip</code>
			<sentence>保存しました</sentence>
		</LocalizationSentence>
		<LocalizationSentence>
			<code>urea_objects</code>
			<sentence>オブジェクト</sentence>
		</LocalizationSentence>
		<LocalizationSentence>
			<code>urea_weapons</code>
			<sentence>武器</sentence>
		</LocalizationSentence>
		<LocalizationSentence>
			<code>urea_characters</code>
			<sentence>キャラクター</sentence>
		</LocalizationSentence>
		<LocalizationSentence>
			<code>urea_maps</code>
			<sentence>マップ</sentence>
		</LocalizationSentence>
		<LocalizationSentence>
			<code>urea_vehicle</code>
			<sentence>ビークル</sentence>
		</LocalizationSentence>
		<LocalizationSentence>
			<code>urea_ammo</code>
			<sentence>弾薬</sentence>
		</LocalizationSentence>
		<LocalizationSentence>
			<code>urea_tip0</code>
			<sentence>WASDでカメラ移動、右クリックでカメラ回転。</sentence>
		</LocalizationSentence>
		<LocalizationSentence>
			<code>urea_tip1</code>
			<sentence>左クリックでオブジェクト生成、中央クリックでキャンセル、ホイールで向きを設定。</sentence>
		</LocalizationSentence>
		<LocalizationSentence>
			<code>urea_charcater_now</code>
			<sentence>次のキャラクター</sentence>
		</LocalizationSentence>
		<LocalizationSentence>
			<code>urea_charcater_reset</code>
			<sentence>デフォルトキャラクターにリセット</sentence>
		</LocalizationSentence>
		<LocalizationSentence>
			<code>urea_charcater_player</code>
			<sentence>左クリックでNPC生成、右クリックでプレイヤー生成</sentence>
		</LocalizationSentence>
		<LocalizationSentence>
			<code>settings_save</code>
			<sentence>保存</sentence>
		</LocalizationSentence>
		<LocalizationSentence>
			<code>settings_ok</code>
			<sentence>確認</sentence>
		</LocalizationSentence>
		<LocalizationSentence>
			<code>settings_cancel</code>
			<sentence>キャンセル</sentence>
		</LocalizationSentence>
		<LocalizationSentence>
			<code>choose_weapon</code>
			<sentence>武器を選択</sentence>
		</LocalizationSentence>
		<LocalizationSentence>
			<code>settings_graphic</code>
			<sentence>グラフィック</sentence>
		</LocalizationSentence>
		<LocalizationSentence>
			<code>settings_gameplay</code>
			<sentence>ゲームプレイ</sentence>
		</LocalizationSentence>
		<LocalizationSentence>
			<code>settings_control</code>
			<sentence>コントロール</sentence>
		</LocalizationSentence>
		<LocalizationSentence>
			<code>settings_audio</code>
			<sentence>オーディオ</sentence>
		</LocalizationSentence>
		<LocalizationSentence>
			<code>settings_gameplay_max_ragdoll</code>
			<sentence>ラグドール最大数</sentence>
		</LocalizationSentence>
		<LocalizationSentence>
			<code>settings_gameplay_gore</code>
			<sentence>ゴア表現</sentence>
		</LocalizationSentence>
		<LocalizationSentence>
			<code>settings_gameplay_gore_0</code>
			<sentence>無効</sentence>
		</LocalizationSentence>
		<LocalizationSentence>
			<code>settings_gameplay_gore_1</code>
			<sentence>血しぶき</sentence>
		</LocalizationSentence>
		<LocalizationSentence>
			<code>settings_gameplay_gore_2</code>
			<sentence>四肢切断</sentence>
		</LocalizationSentence>
		<LocalizationSentence>
			<code>settings_gameplay_hit_mark</code>
			<sentence>ヒットマーク</sentence>
		</LocalizationSentence>
		<LocalizationSentence>
			<code>settings_gameplay_custom_player</code>
			<sentence>カスタムプレイヤーキャラクターを使用</sentence>
		</LocalizationSentence>
		<LocalizationSentence>
			<code>settings_gameplay_custom_player_start</code>
			<sentence>カスタムプレイヤーキャラクターを編集</sentence>
		</LocalizationSentence>
		<LocalizationSentence>
			<code>settings_gameplay_custom_player_button</code>
			<sentence>編集</sentence>
		</LocalizationSentence>
		<LocalizationSentence>
			<code>settings_gameplay_custom_player_change</code>
			<sentence>キャラクター変更</sentence>
		</LocalizationSentence>
		<LocalizationSentence>
			<code>settings_gameplay_custom_player_0</code>
			<sentence>帽子</sentence>
		</LocalizationSentence>
		<LocalizationSentence>
			<code>settings_gameplay_custom_player_1</code>
			<sentence>顔装飾</sentence>
		</LocalizationSentence>
		<LocalizationSentence>
			<code>settings_gameplay_custom_player_2</code>
			<sentence>イヤホン</sentence>
		</LocalizationSentence>
		<LocalizationSentence>
			<code>settings_gameplay_custom_player_3</code>
			<sentence>ベスト</sentence>
		</LocalizationSentence>
		<LocalizationSentence>
			<code>settings_gameplay_custom_player_4</code>
			<sentence>トップス</sentence>
		</LocalizationSentence>
		<LocalizationSentence>
			<code>settings_gameplay_custom_player_5</code>
			<sentence>腕時計</sentence>
		</LocalizationSentence>
		<LocalizationSentence>
			<code>settings_gameplay_custom_player_6</code>
			<sentence>手袋</sentence>
		</LocalizationSentence>
		<LocalizationSentence>
			<code>settings_gameplay_custom_player_7</code>
			<sentence>ボトム</sentence>
		</LocalizationSentence>
		<LocalizationSentence>
			<code>settings_gameplay_custom_player_8</code>
			<sentence>レッグウェア</sentence>
		</LocalizationSentence>
		<LocalizationSentence>
			<code>settings_gameplay_custom_player_9</code>
			<sentence>靴</sentence>
		</LocalizationSentence>
		<LocalizationSentence>
			<code>settings_control_sensitivity</code>
			<sentence>マウス感度</sentence>
		</LocalizationSentence>
		<LocalizationSentence>
			<code>settings_control_zoomInSensitivity</code>
			<sentence>ズームイン感度</sentence>
		</LocalizationSentence>
		<LocalizationSentence>
			<code>settings_control_aim_switch</code>
			<sentence>エイム切替</sentence>
		</LocalizationSentence>
		<LocalizationSentence>
			<code>settings_control_keybindings</code>
			<sentence>キー割り当て</sentence>
		</LocalizationSentence>
		<LocalizationSentence>
			<code>settings_key_Fire1</code>
			<sentence>射撃</sentence>
		</LocalizationSentence>
		<LocalizationSentence>
			<code>settings_key_Fire2</code>
			<sentence>エイム</sentence>
		</LocalizationSentence>
		<LocalizationSentence>
			<code>settings_key_SelectItem</code>
			<sentence>選択決定</sentence>
		</LocalizationSentence>
		<LocalizationSentence>
			<code>settings_key_PeekLeft</code>
			<sentence>左リーン</sentence>
		</LocalizationSentence>
		<LocalizationSentence>
			<code>settings_key_PeekRight</code>
			<sentence>右リーン</sentence>
		</LocalizationSentence>
		<LocalizationSentence>
			<code>settings_key_Radio</code>
			<sentence>ラジオリスト</sentence>
		</LocalizationSentence>
		<LocalizationSentence>
			<code>settings_key_Sprint</code>
			<sentence>スプリント</sentence>
		</LocalizationSentence>
		<LocalizationSentence>
			<code>settings_key_Crouch</code>
			<sentence>しゃがむ</sentence>
		</LocalizationSentence>
		<LocalizationSentence>
			<code>settings_key_Jump</code>
			<sentence>ジャンプ</sentence>
		</LocalizationSentence>
		<LocalizationSentence>
			<code>settings_key_SwitchTps</code>
			<sentence>TP/FP切替</sentence>
		</LocalizationSentence>
		<LocalizationSentence>
			<code>settings_key_Use</code>
			<sentence>インタラクト</sentence>
		</LocalizationSentence>
		<LocalizationSentence>
			<code>settings_key_NightVision</code>
			<sentence>（機能なし）</sentence>
		</LocalizationSentence>
		<LocalizationSentence>
			<code>settings_key_Inventory</code>
			<sentence>インベントリ</sentence>
		</LocalizationSentence>
		<LocalizationSentence>
			<code>settings_key_Reload</code>
			<sentence>リロード</sentence>
		</LocalizationSentence>
		<LocalizationSentence>
			<code>settings_key_Prone</code>
			<sentence>伏せる</sentence>
		</LocalizationSentence>
		<LocalizationSentence>
			<code>settings_key_Light</code>
			<sentence>ガンライト</sentence>
		</LocalizationSentence>
		<LocalizationSentence>
			<code>settings_key_Selector</code>
			<sentence>射撃モード</sentence>
		</LocalizationSentence>
		<LocalizationSentence>
			<code>settings_key_Launcher</code>
			<sentence>グレネードランチャー</sentence>
		</LocalizationSentence>
		<LocalizationSentence>
			<code>settings_key_Unload</code>
			<sentence>（機能なし）</sentence>
		</LocalizationSentence>
		<LocalizationSentence>
			<code>settings_key_ChargingHandle</code>
			<sentence>装填</sentence>
		</LocalizationSentence>
		<LocalizationSentence>
			<code>settings_key_Customize</code>
			<sentence>カスタマイズ</sentence>
		</LocalizationSentence>
		<LocalizationSentence>
			<code>settings_key_Melee</code>
			<sentence>近接攻撃</sentence>
		</LocalizationSentence>
		<LocalizationSentence>
			<code>settings_key_Primary</code>
			<sentence>メイン武器</sentence>
		</LocalizationSentence>
		<LocalizationSentence>
			<code>settings_key_Secondary</code>
			<sentence>サブ武器</sentence>
		</LocalizationSentence>
		<LocalizationSentence>
			<code>settings_key_ThirdWeapon</code>
			<sentence>第3武器</sentence>
		</LocalizationSentence>
		<LocalizationSentence>
			<code>settings_key_FourthWeapon</code>
			<sentence>第4武器</sentence>
		</LocalizationSentence>
		<LocalizationSentence>
			<code>settings_key_Tool</code>
			<sentence>ツール</sentence>
		</LocalizationSentence>
		<LocalizationSentence>
			<code>settings_key_HostAll</code>
			<sentence>ホスト武器</sentence>
		</LocalizationSentence>
		<LocalizationSentence>
			<code>settings_key_RangeUp</code>
			<sentence>サイト距離アップ</sentence>
		</LocalizationSentence>
		<LocalizationSentence>
			<code>settings_key_RangeDown</code>
			<sentence>サイト距離ダウン</sentence>
		</LocalizationSentence>
		<LocalizationSentence>
			<code>settings_key_ZoomIn</code>
			<sentence>サイトズームイン</sentence>
		</LocalizationSentence>
		<LocalizationSentence>
			<code>settings_key_ZoomOut</code>
			<sentence>サイトズームアウト</sentence>
		</LocalizationSentence>
		<LocalizationSentence>
			<code>settings_key_QuickLoad</code>
			<sentence>クイックロード</sentence>
		</LocalizationSentence>
		<LocalizationSentence>
			<code>settings_key_QuickSave</code>
			<sentence>クイックセーブ</sentence>
		</LocalizationSentence>
		<LocalizationSentence>
			<code>settings_key_Map</code>
			<sentence>マップ</sentence>
		</LocalizationSentence>
		<LocalizationSentence>
			<code>settings_key_TimeEffect</code>
			<sentence>バレットタイム</sentence>
		</LocalizationSentence>
		<LocalizationSentence>
			<code>settings_key_Scoreboard</code>
			<sentence>スコアボード</sentence>
		</LocalizationSentence>
		<LocalizationSentence>
			<code>settings_key_Skill</code>
			<sentence>スキル</sentence>
		</LocalizationSentence>
		<LocalizationSentence>
			<code>settings_key_Pause</code>
			<sentence>ポーズ</sentence>
		</LocalizationSentence>
		<LocalizationSentence>
			<code>settings_key_Console</code>
			<sentence>コンソール</sentence>
		</LocalizationSentence>
		<LocalizationSentence>
			<code>settings_graphic_resoultion</code>
			<sentence>解像度</sentence>
		</LocalizationSentence>
		<LocalizationSentence>
			<code>settings_graphic_quality</code>
			<sentence>品質</sentence>
		</LocalizationSentence>
		<LocalizationSentence>
			<code>settings_graphic_cloth</code>
			<sentence>クロスシミュレーション</sentence>
		</LocalizationSentence>
		<LocalizationSentence>
			<code>settings_graphic_depthOfField</code>
			<sentence>被写界深度</sentence>
		</LocalizationSentence>
		<LocalizationSentence>
			<code>settings_graphic_windowMode</code>
			<sentence>ウィンドウモード</sentence>
		</LocalizationSentence>
		<LocalizationSentence>
			<code>settings_graphic_contrast</code>
			<sentence>コントラスト</sentence>
		</LocalizationSentence>
		<LocalizationSentence>
			<code>settings_graphic_saturation</code>
			<sentence>彩度</sentence>
		</LocalizationSentence>
		<LocalizationSentence>
			<code>settings_graphic_temperature</code>
			<sentence>色温度</sentence>
		</LocalizationSentence>
		<LocalizationSentence>
			<code>settings_graphic_bloom</code>
			<sentence>ブルーム</sentence>
		</LocalizationSentence>
		<LocalizationSentence>
			<code>settings_graphic_brightness</code>
			<sentence>明るさ</sentence>
		</LocalizationSentence>
		<LocalizationSentence>
			<code>settings_graphic_framerate</code>
			<sentence>フレーム制限</sentence>
		</LocalizationSentence>
		<LocalizationSentence>
			<code>settings_graphic_vsyn</code>
			<sentence>Vsync</sentence>
		</LocalizationSentence>
		<LocalizationSentence>
			<code>settings_graphic_fov</code>
			<sentence>視野角</sentence>
		</LocalizationSentence>
		<LocalizationSentence>
			<code>settings_graphic_aces</code>
			<sentence>ACES</sentence>
		</LocalizationSentence>
		<LocalizationSentence>
			<code>settings_graphic_acesExposure</code>
			<sentence>ACES露出</sentence>
		</LocalizationSentence>
		<LocalizationSentence>
			<code>settings_graphic_acesBrightness</code>
			<sentence>ACES明るさ</sentence>
		</LocalizationSentence>
		<LocalizationSentence>
			<code>settings_graphic_advance_tip</code>
			<sentence>推奨値には*が付いています。</sentence>
		</LocalizationSentence>
		<LocalizationSentence>
			<code>settings_graphic_advance</code>
			<sentence>詳細...</sentence>
		</LocalizationSentence>
		<LocalizationSentence>
			<code>settings_graphic_texture_quality</code>
			<sentence>テクスチャ品質</sentence>
		</LocalizationSentence>
		<LocalizationSentence>
			<code>settings_graphic_anit_aliasing</code>
			<sentence>アンチエイリアス</sentence>
		</LocalizationSentence>
		<LocalizationSentence>
			<code>settings_graphic_realtime_shadow</code>
			<sentence>リアルタイムシャドウ</sentence>
		</LocalizationSentence>
		<LocalizationSentence>
			<code>settings_graphic_realtime_shadow_distance</code>
			<sentence>リアルタイムシャドウ距離</sentence>
		</LocalizationSentence>
		<LocalizationSentence>
			<code>settings_graphic_lod_bias</code>
			<sentence>LODバイアス</sentence>
		</LocalizationSentence>
		<LocalizationSentence>
			<code>settings_graphic_object_light_limit</code>
			<sentence>オブジェクトごとのライト数制限</sentence>
		</LocalizationSentence>
		<LocalizationSentence>
			<code>settings_graphic_render_scale</code>
			<sentence>レンダースケール</sentence>
		</LocalizationSentence>
		<LocalizationSentence>
			<code>settings_graphic_terrain_error</code>
			<sentence>地形誤差</sentence>
		</LocalizationSentence>
		<LocalizationSentence>
			<code>settings_graphic_terrain_distance</code>
			<sentence>地形テクスチャ距離</sentence>
		</LocalizationSentence>
		<LocalizationSentence>
			<code>settings_graphic_terrain_detail_density</code>
			<sentence>地形ディテール密度</sentence>
		</LocalizationSentence>
		<LocalizationSentence>
			<code>settings_graphic_terrain_detail_distance</code>
			<sentence>地形ディテール距離</sentence>
		</LocalizationSentence>
		<LocalizationSentence>
			<code>settings_audio_vehicle</code>
			<sentence>ビークル音量</sentence>
		</LocalizationSentence>
		<LocalizationSentence>
			<code>settings_audio_main</code>
			<sentence>メイン音量</sentence>
		</LocalizationSentence>
		<LocalizationSentence>
			<code>settings_audio_voice</code>
			<sentence>ボイス音量</sentence>
		</LocalizationSentence>
		<LocalizationSentence>
			<code>settings_audio_bgm</code>
			<sentence>BGM音量</sentence>
		</LocalizationSentence>
		<LocalizationSentence>
			<code>settings_audio_ambient</code>
			<sentence>環境音量</sentence>
		</LocalizationSentence>
		<LocalizationSentence>
			<code>settings_audio_soundEffect</code>
			<sentence>効果音量</sentence>
		</LocalizationSentence>
		<LocalizationSentence>
			<code>settings_audio_footstep</code>
			<sentence>足音音量</sentence>
		</LocalizationSentence>
		<LocalizationSentence>
			<code>settings_audio_ui</code>
			<sentence>UI音量</sentence>
		</LocalizationSentence>
		<LocalizationSentence>
			<code>settings_language</code>
			<sentence>言語</sentence>
		</LocalizationSentence>
		<LocalizationSentence>
			<code>settings_gameplay_difficulty</code>
			<sentence>難易度</sentence>
		</LocalizationSentence>
		<LocalizationSentence>
			<code>settings_gameplay_veryeasyIntroduce</code>
			<sentence>武器の威力が低く、プレイヤーのHPが高いです。</sentence>
		</LocalizationSentence>
		<LocalizationSentence>
			<code>settings_gameplay_easyIntroduce</code>
			<sentence>武器の威力が低く、プレイヤーのHPは敵と同じくらいです。</sentence>
		</LocalizationSentence>
		<LocalizationSentence>
			<code>settings_gameplay_normalIntroduce</code>
			<sentence>武器の威力が高く、プレイヤーのHPは敵と同じくらいです。</sentence>
		</LocalizationSentence>
		<LocalizationSentence>
			<code>inventory_operate_split</code>
			<sentence>右クリックで半分を取得</sentence>
		</LocalizationSentence>
		<LocalizationSentence>
			<code>inventory_operate_unload</code>
			<sentence>右クリックで弾薬を取り出す</sentence>
		</LocalizationSentence>
		<LocalizationSentence>
			<code>inventory_operate_auto_load</code>
			<sentence>右クリックで利用可能な弾薬を自動的に装填</sentence>
		</LocalizationSentence>
		<LocalizationSentence>
			<code>inventory_operate_gun</code>
			<sentence>右クリックでカスタマイズ</sentence>
		</LocalizationSentence>
		<LocalizationSentence>
			<code>inventory_operate_armor_unload</code>
			<sentence>右クリックでアーマープレートを取り外そうとする</sentence>
		</LocalizationSentence>
		<LocalizationSentence>
			<code>inventory_operate_inspect</code>
			<sentence>右クリックで検査</sentence>
		</LocalizationSentence>
		<LocalizationSentence>
			<code>inventory_pickup</code>
			<sentence>運ぶ</sentence>
		</LocalizationSentence>
		<LocalizationSentence>
			<code>inventory_unuseable_item</code>
			<sentence>武器に必要なパーツが欠けており、使用のために取り出せません</sentence>
		</LocalizationSentence>
		<LocalizationSentence>
			<code>inventory_loot</code>
			<sentence>インベントリを開く</sentence>
		</LocalizationSentence>
		<LocalizationSentence>
			<code>online_windows_new</code>
			<sentence>新しいLANゲーム</sentence>
		</LocalizationSentence>
		<LocalizationSentence>
			<code>online_windows_vote</code>
			<sentence>マップ投票</sentence>
		</LocalizationSentence>
		<LocalizationSentence>
			<code>online_windows_matchmaking_pve</code>
			<sentence>PVEモードでプレイ</sentence>
		</LocalizationSentence>
		<LocalizationSentence>
			<code>online_windows_matchmaking_pvp</code>
			<sentence>PVPモードでプレイ</sentence>
		</LocalizationSentence>
		<LocalizationSentence>
			<code>online_windows_range</code>
			<sentence>射撃場へ移動</sentence>
		</LocalizationSentence>
		<LocalizationSentence>
			<code>online_windows_join</code>
			<sentence>LANゲームに参加</sentence>
		</LocalizationSentence>
		<LocalizationSentence>
			<code>online_windows_find_cancel</code>
			<sentence>マッチメイキングを停止</sentence>
		</LocalizationSentence>
		<LocalizationSentence>
			<code>online_windows_match_finding</code>
			<sentence>マッチメイキング中</sentence>
		</LocalizationSentence>
		<LocalizationSentence>
			<code>online_windows_match_ok</code>
			<sentence>マッチメイキング成功、サーバーを開始</sentence>
		</LocalizationSentence>
		<LocalizationSentence>
			<code>warning_matchmaking_stop</code>
			<sentence>マッチメイキング終了。</sentence>
		</LocalizationSentence>
		<LocalizationSentence>
			<code>warning_matchmaking_ban</code>
			<sentence>あなたはサーバーによって禁止されました。質問がある場合は、Steamコミュニティでフィードバックをお願いします。</sentence>
		</LocalizationSentence>
		<LocalizationSentence>
			<code>warning_matchmaking_error</code>
			<sentence>アンチチートサービスの検証に失敗しました。ネットワーク状況を確認してください。</sentence>
		</LocalizationSentence>
		<LocalizationSentence>
			<code>online_windows_match_fail</code>
			<sentence>マッチメイキング失敗</sentence>
		</LocalizationSentence>
		<LocalizationSentence>
			<code>mainmenu_room_windows</code>
			<sentence>新しいLANゲーム</sentence>
		</LocalizationSentence>
		<LocalizationSentence>
			<code>room_port</code>
			<sentence>ポート</sentence>
		</LocalizationSentence>
		<LocalizationSentence>
			<code>room_mode</code>
			<sentence>ゲームモード</sentence>
		</LocalizationSentence>
		<LocalizationSentence>
			<code>room_mode_pvp</code>
			<sentence>PVP</sentence>
		</LocalizationSentence>
		<LocalizationSentence>
			<code>room_mode_pve</code>
			<sentence>PVE</sentence>
		</LocalizationSentence>
		<LocalizationSentence>
			<code>room_maps</code>
			<sentence>マップリスト</sentence>
		</LocalizationSentence>
		<LocalizationSentence>
			<code>room_setting</code>
			<sentence>設定</sentence>
		</LocalizationSentence>
		<LocalizationSentence>
			<code>room_difficulty</code>
			<sentence>AI難易度</sentence>
		</LocalizationSentence>
		<LocalizationSentence>
			<code>room_damage_multipler</code>
			<sentence>ダメージ倍率</sentence>
		</LocalizationSentence>
		<LocalizationSentence>
			<code>room_windows_confirm</code>
			<sentence>開始</sentence>
		</LocalizationSentence>
		<LocalizationSentence>
			<code>player_respawn_windows</code>
			<sentence>ゲームに参加</sentence>
		</LocalizationSentence>
		<LocalizationSentence>
			<code>player_respawn_gear</code>
			<sentence>ギア</sentence>
		</LocalizationSentence>
		<LocalizationSentence>
			<code>player_respawn_info</code>
			<sentence>キャラクター情報</sentence>
		</LocalizationSentence>
		<LocalizationSentence>
			<code>player_respawn_select</code>
			<sentence>キャラクターを選択</sentence>
		</LocalizationSentence>
		<LocalizationSentence>
			<code>player_respawn_outfit</code>
			<sentence>キャラクターアウトフィット</sentence>
		</LocalizationSentence>
		<LocalizationSentence>
			<code>player_respawn_model</code>
			<sentence>キャラクターモデル</sentence>
		</LocalizationSentence>
		<LocalizationSentence>
			<code>player_respawn_ok</code>
			<sentence>確認</sentence>
		</LocalizationSentence>
		<LocalizationSentence>
			<code>character_name_</code>
			<sentence>デフォルトキャラクター</sentence>
		</LocalizationSentence>
		<LocalizationSentence>
			<code>character_describe_</code>
			<sentence>特別なスキルのないデフォルトキャラクター。</sentence>
		</LocalizationSentence>
		<LocalizationSentence>
			<code>info_window_respawn</code>
			<sentence>リスポーン</sentence>
		</LocalizationSentence>
		<LocalizationSentence>
			<code>scoreboard</code>
			<sentence>スコアボード</sentence>
		</LocalizationSentence>
		<LocalizationSentence>
			<code>scoreboard_info_lan</code>
			<sentence>LAN,</sentence>
		</LocalizationSentence>
		<LocalizationSentence>
			<code>scoreboard_info_internet</code>
			<sentence>インターネット,</sentence>
		</LocalizationSentence>
		<LocalizationSentence>
			<code>scoreboard_info_ip</code>
			<sentence>IPアドレス:</sentence>
		</LocalizationSentence>
		<LocalizationSentence>
			<code>scoreboard_info_name</code>
			<sentence>ルーム名:</sentence>
		</LocalizationSentence>
		<LocalizationSentence>
			<code>scoreboard_info_host</code>
			<sentence>,ホストとして</sentence>
		</LocalizationSentence>
		<LocalizationSentence>
			<code>scoreboard_name</code>
			<sentence>プレイヤー</sentence>
		</LocalizationSentence>
		<LocalizationSentence>
			<code>scoreboard_character</code>
			<sentence>キャラクター</sentence>
		</LocalizationSentence>
		<LocalizationSentence>
			<code>scoreboard_kill</code>
			<sentence>スコア</sentence>
		</LocalizationSentence>
		<LocalizationSentence>
			<code>scoreboard_dead</code>
			<sentence>敗北</sentence>
		</LocalizationSentence>
		<LocalizationSentence>
			<code>scoreboard_team</code>
			<sentence>チーム</sentence>
		</LocalizationSentence>
		<LocalizationSentence>
			<code>scoreboard_steam_page</code>
			<sentence>Steamプロフィール</sentence>
		</LocalizationSentence>
		<LocalizationSentence>
			<code>scoreboard_wait_for_more_player</code>
			<sentence>他のプレイヤーを待っています...</sentence>
		</LocalizationSentence>
		<LocalizationSentence>
			<code>down_time_deploy</code>
			<sentence>展開</sentence>
		</LocalizationSentence>
		<LocalizationSentence>
			<code>down_time_open_window</code>
			<sentence>ギアウィンドウ</sentence>
		</LocalizationSentence>
		<LocalizationSentence>
			<code>empty_gear_secondary</code>
			<sentence>サブ武器なし</sentence>
		</LocalizationSentence>
		<LocalizationSentence>
			<code>empty_gear_primary</code>
			<sentence>メイン武器なし</sentence>
		</LocalizationSentence>
		<LocalizationSentence>
			<code>empty_gear_tactical</code>
			<sentence>タクティカルツールなし</sentence>
		</LocalizationSentence>
		<LocalizationSentence>
			<code>empty_gear_armor</code>
			<sentence>アーマーなし</sentence>
		</LocalizationSentence>
		<LocalizationSentence>
			<code>debuff_halt</code>
			<sentence>停止</sentence>
		</LocalizationSentence>
		<LocalizationSentence>
			<code>debuff_deaf</code>
			<sentence>耳が聞こえない</sentence>
		</LocalizationSentence>
		<LocalizationSentence>
			<code>debuff_freeze</code>
			<sentence>凍結</sentence>
		</LocalizationSentence>
		<LocalizationSentence>
			<code>level_result_start</code>
			<sentence>戦闘開始</sentence>
		</LocalizationSentence>
		<LocalizationSentence>
			<code>level_result_lose</code>
			<sentence>失敗</sentence>
		</LocalizationSentence>
		<LocalizationSentence>
			<code>level_result_win</code>
			<sentence>勝利</sentence>
		</LocalizationSentence>
		<LocalizationSentence>
			<code>gear_tag_tip</code>
			<sentence>左クリックでギアを選択、右クリックで武器を修正。</sentence>
		</LocalizationSentence>
		<LocalizationSentence>
			<code>team_select</code>
			<sentence>チームを選択。</sentence>
		</LocalizationSentence>
		<LocalizationSentence>
			<code>team_blue</code>
			<sentence>ブルータリズム</sentence>
		</LocalizationSentence>
		<LocalizationSentence>
			<code>team_red</code>
			<sentence>ハイテク</sentence>
		</LocalizationSentence>
		<!--  info -->
		<LocalizationSentence>
			<code>info_window</code>
			<sentence>マップ</sentence>
		</LocalizationSentence>
		<LocalizationSentence>
			<code>info_window_list</code>
			<sentence>タスクリスト</sentence>
		</LocalizationSentence>
		<LocalizationSentence>
			<code>info_show_tip</code>
			<sentence>タスクをクリックして、タスクナビゲーションマーカーを非表示または表示します</sentence>
		</LocalizationSentence>
		<LocalizationSentence>
			<code>custom_list_tip</code>
			<sentence>（左クリックでアイテムを選択、右クリックで削除）</sentence>
		</LocalizationSentence>
		<LocalizationSentence>
			<code>viewer_tip</code>
			<sentence>左クリックを押し続けてオブジェクトをドラッグし、右クリックを押し続けてオブジェクトを回転させます</sentence>
		</LocalizationSentence>
		<LocalizationSentence>
			<code>viewer_fold</code>
			<sentence>折りたたむ</sentence>
		</LocalizationSentence>
		<LocalizationSentence>
			<code>viewer_unfold</code>
			<sentence>展開</sentence>
		</LocalizationSentence>
		<LocalizationSentence>
			<code>viewer_gun_spread</code>
			<sentence>精度</sentence>
		</LocalizationSentence>
		<LocalizationSentence>
			<code>viewer_gun_aim_speed</code>
			<sentence>エイム速度</sentence>
		</LocalizationSentence>
		<LocalizationSentence>
			<code>viewer_gun_recoil</code>
			<sentence>反動軽減</sentence>
		</LocalizationSentence>
		<LocalizationSentence>
			<code>loading</code>
			<sentence>読み込み中...</sentence>
		</LocalizationSentence>
		<LocalizationSentence>
			<code>conversation_options</code>
			<sentence>会話オプション</sentence>
		</LocalizationSentence>
		<LocalizationSentence>
			<code>afterdown</code>
			<sentence>ノックダウンされました</sentence>
		</LocalizationSentence>
		<!--  fire type -->
		<LocalizationSentence>
			<code>fire_type_safe</code>
			<sentence>セーフ</sentence>
		</LocalizationSentence>
		<LocalizationSentence>
			<code>fire_type_bolt</code>
			<sentence>マニュアル</sentence>
		</LocalizationSentence>
		<LocalizationSentence>
			<code>fire_type_semi</code>
			<sentence>セミオート</sentence>
		</LocalizationSentence>
		<LocalizationSentence>
			<code>fire_type_auto</code>
			<sentence>フルオート</sentence>
		</LocalizationSentence>
		<LocalizationSentence>
			<code>fire_type_double</code>
			<sentence>2ラウンドバースト</sentence>
		</LocalizationSentence>
		<LocalizationSentence>
			<code>fire_type_treble</code>
			<sentence>3ラウンドバースト</sentence>
		</LocalizationSentence>
		<!--  light type -->
		<LocalizationSentence>
			<code>lightMode_off</code>
			<sentence>オフ</sentence>
		</LocalizationSentence>
		<LocalizationSentence>
			<code>lightMode_visible_light</code>
			<sentence>可視フラッシュライト</sentence>
		</LocalizationSentence>
		<LocalizationSentence>
			<code>lightMode_visible_laser</code>
			<sentence>可視レーザー</sentence>
		</LocalizationSentence>
		<LocalizationSentence>
			<code>lightMode_ir_light</code>
			<sentence>赤外線フラッシュライト</sentence>
		</LocalizationSentence>
		<LocalizationSentence>
			<code>lightMode_ir_laser</code>
			<sentence>赤外線レーザー</sentence>
		</LocalizationSentence>
		<!--  Radio -->
		<LocalizationSentence>
			<code>interactive_radio_enemy</code>
			<sentence>敵を発見</sentence>
		</LocalizationSentence>
		<LocalizationSentence>
			<code>interactive_radio_follow</code>
			<sentence>ついて来い</sentence>
		</LocalizationSentence>
		<LocalizationSentence>
			<code>interactive_radio_stop</code>
			<sentence>ここに留まれ</sentence>
		</LocalizationSentence>
		<LocalizationSentence>
			<code>interactive_radio_yes</code>
			<sentence>はい</sentence>
		</LocalizationSentence>
		<LocalizationSentence>
			<code>interactive_radio_no</code>
			<sentence>いいえ</sentence>
		</LocalizationSentence>
		<LocalizationSentence>
			<code>interactive_radio_attack</code>
			<sentence>攻撃</sentence>
		</LocalizationSentence>
		<!--shop-->
		<LocalizationSentence>
			<code>shop_guns</code>
			<sentence>火器</sentence>
		</LocalizationSentence>
		<LocalizationSentence>
			<code>shop_ammo</code>
			<sentence>消耗品</sentence>
		</LocalizationSentence>
		<LocalizationSentence>
			<code>shop_parts_0</code>
			<sentence>アクセサリー1</sentence>
		</LocalizationSentence>
		<LocalizationSentence>
			<code>shop_parts_1</code>
			<sentence>アクセサリー2</sentence>
		</LocalizationSentence>
		<LocalizationSentence>
			<code>shop_parts_2</code>
			<sentence>アクセサリー3</sentence>
		</LocalizationSentence>
		<LocalizationSentence>
			<code>shop_clothes</code>
			<sentence>服</sentence>
		</LocalizationSentence>
		<!--inter tip-->
		<LocalizationSentence>
			<code>interactive_use_item</code>
			<sentence>使用 </sentence>
		</LocalizationSentence>
		<LocalizationSentence>
			<code>interactive_load</code>
			<sentence>装填 </sentence>
		</LocalizationSentence>
		<LocalizationSentence>
			<code>interactive_tip_human_loot</code>
			<sentence>バックパックを開く</sentence>
		</LocalizationSentence>
		<LocalizationSentence>
			<code>interactive_tip_opne_box</code>
			<sentence>チェストを開く</sentence>
		</LocalizationSentence>
		<LocalizationSentence>
			<code>interactive_tip_opne_box_key</code>
			<sentence>ロックされたチェストを開く</sentence>
		</LocalizationSentence>
		<LocalizationSentence>
			<code>interactive_tip_transaction</code>
			<sentence>トランザクション</sentence>
		</LocalizationSentence>
		<LocalizationSentence>
			<code>interactive_tip_vehicle_driver</code>
			<sentence>運転席に入る</sentence>
		</LocalizationSentence>
		<LocalizationSentence>
			<code>interactive_tip_vehicle_guner</code>
			<sentence>砲手席に入る</sentence>
		</LocalizationSentence>
		<LocalizationSentence>
			<code>interactive_tip_vehicle_seat</code>
			<sentence>助手席に入る</sentence>
		</LocalizationSentence>
		<LocalizationSentence>
			<code>interactive_tip_rearm</code>
			<sentence>再装填</sentence>
		</LocalizationSentence>
		<LocalizationSentence>
			<code>interactive_tip_restart</code>
			<sentence>再起動</sentence>
		</LocalizationSentence>
		<!-- Warning message -->
		<LocalizationSentence>
			<code>warning_name</code>
			<sentence>通知:</sentence>
		</LocalizationSentence>
		<LocalizationSentence>
			<code>warning_unuseable_item</code>
			<sentence>武器に必要なパーツが欠けており、使用できません</sentence>
		</LocalizationSentence>
	</sentences>
</LocalizationDB>