﻿<?xml version="1.0" encoding="utf-8"?>
<LocalizationDB xmlns:xsd="http://www.w3.org/2001/XMLSchema"
				xmlns:xsi="http://www.w3.org/2001/XMLSchema-instance">
	<sentences>
		<!--name-->
		<LocalizationSentence>
			<code>eerie2_talker_leader</code>
			<sentence>司令官</sentence>
		</LocalizationSentence>
		<LocalizationSentence>
			<code>character_name_luna</code>
			<sentence>ルナ・チャイルド</sentence>
		</LocalizationSentence>
		<LocalizationSentence>
			<code>character_describe_luna</code>
			<sentence>若くして経験豊富な妖精のスパイ。特殊能力として、音を遮断する呪文で敵の聴覚を奪い、自律兵器を無力化できる。</sentence>
		</LocalizationSentence>
		<LocalizationSentence>
			<code>character_name_alice</code>
			<sentence>アリス・マーガトロイド</sentence>
		</LocalizationSentence>
		<LocalizationSentence>
			<code>character_name_reisen</code>
			<sentence>鈴仙・優曇華院・イナバ</sentence>
		</LocalizationSentence>
		<LocalizationSentence>
			<code>character_name_nitori</code>
			<sentence>河城にとり</sentence>
		</LocalizationSentence>
		<LocalizationSentence>
			<code>character_name_cirno</code>
			<sentence>チルノ</sentence>
		</LocalizationSentence>
		<LocalizationSentence>
			<code>character_describe_cirno</code>
			<sentence>妖精スパイの予備メンバー。特殊能力として、低温呪文を使用して敵の移動を妨げ、自律兵器を無力化する。</sentence>
		</LocalizationSentence>
		<LocalizationSentence>
			<code>character_name_nazrin</code>
			<sentence>ナズーリン</sentence>
		</LocalizationSentence>
		<LocalizationSentence>
			<code>character_name_aya</code>
			<sentence>射命丸文</sentence>
		</LocalizationSentence>
		<LocalizationSentence>
			<code>character_name_polonium</code>
			<sentence>ポロニウム</sentence>
		</LocalizationSentence>
		<LocalizationSentence>
			<code>character_name_btr82a</code>
			<sentence>BTR82A</sentence>
		</LocalizationSentence>
		<LocalizationSentence>
			<code>character_describe_btr82a</code>
			<sentence>30mm機関砲と7.62mm同軸機関銃を装備した軽装甲車両。</sentence>
		</LocalizationSentence>
		<LocalizationSentence>
			<code>character_name_m1126icv</code>
			<sentence>M1126 ICV</sentence>
		</LocalizationSentence>
		<LocalizationSentence>
			<code>character_describe_m1126icv</code>
			<sentence>50口径機関銃を装備した軽装甲車両。</sentence>
		</LocalizationSentence>
		<LocalizationSentence>
			<code>plot_faction_militia</code>
			<sentence>民兵</sentence>
		</LocalizationSentence>
		<LocalizationSentence>
			<code>plot_faction_fairy</code>
			<sentence>妖精軍</sentence>
		</LocalizationSentence>
		<!--chinese0-->
		<LocalizationSentence>
			<code>eerie2_voice_tengu_attack_0</code>
			<sentence>前進する。</sentence>
		</LocalizationSentence>
		<LocalizationSentence>
			<code>eerie2_voice_tengu_attack_1</code>
			<sentence>攻撃！</sentence>
		</LocalizationSentence>
		<LocalizationSentence>
			<code>eerie2_voice_tengu_follow_0</code>
			<sentence>ついてこい。</sentence>
		</LocalizationSentence>
		<LocalizationSentence>
			<code>eerie2_voice_tengu_follow_1</code>
			<sentence>ついてこい。</sentence>
		</LocalizationSentence>
		<LocalizationSentence>
			<code>eerie2_voice_tengu_no_0</code>
			<sentence>同意できない。</sentence>
		</LocalizationSentence>
		<LocalizationSentence>
			<code>eerie2_voice_tengu_no_1</code>
			<sentence>無理だ。</sentence>
		</LocalizationSentence>
		<LocalizationSentence>
			<code>eerie2_voice_tengu_yes_0</code>
			<sentence>いいぞ。</sentence>
		</LocalizationSentence>
		<LocalizationSentence>
			<code>eerie2_voice_tengu_yes_1</code>
			<sentence>了解。</sentence>
		</LocalizationSentence>
		<LocalizationSentence>
			<code>eerie2_voice_tengu_stop_0</code>
			<sentence>やめろ！</sentence>
		</LocalizationSentence>
		<LocalizationSentence>
			<code>eerie2_voice_tengu_stop_1</code>
			<sentence>ちょっと待て！</sentence>
		</LocalizationSentence>
		<LocalizationSentence>
			<code>eerie2_voice_tengu_spot_0</code>
			<sentence>敵発見！</sentence>
		</LocalizationSentence>
		<LocalizationSentence>
			<code>eerie2_voice_tengu_spot_1</code>
			<sentence>撃て！</sentence>
		</LocalizationSentence>
		<LocalizationSentence>
			<code>eerie2_voice_tengu_idle_0</code>
			<sentence>今はとても忙しいんだ。</sentence>
		</LocalizationSentence>
		<LocalizationSentence>
			<code>eerie2_voice_tengu_idle_1</code>
			<sentence>何を見ている？</sentence>
		</LocalizationSentence>
		<LocalizationSentence>
			<code>eerie2_voice_tengu_idle_2</code>
			<sentence>ん？</sentence>
		</LocalizationSentence>
		<LocalizationSentence>
			<code>eerie2_voice_tengu_idle_3</code>
			<sentence>約束を果たすためにここにいる。</sentence>
		</LocalizationSentence>
		<LocalizationSentence>
			<code>eerie2_voice_tengu_idle_4</code>
			<sentence>離れてくれ。同じ砲弾に当たりたくない。</sentence>
		</LocalizationSentence>
		<LocalizationSentence>
			<code>eerie2_voice_tengu_idle_5</code>
			<sentence>田んぼへようこそ、お姉さん。</sentence>
		</LocalizationSentence>
		<LocalizationSentence>
			<code>eerie2_voice_tengu_idle_6</code>
			<sentence>ここは気をつけろよ、頭に大きな穴が空いたら見栄えが悪いぞ。</sentence>
		</LocalizationSentence>
		<LocalizationSentence>
			<code>eerie2_voice_tengu_idle_7</code>
			<sentence>70年前にRPGでヘリを撃ち落としたことがある。今でもハッチは家にあるぞ。</sentence>
		</LocalizationSentence>
		<LocalizationSentence>
			<code>eerie2_voice_tengu_idle_8</code>
			<sentence>味方の砲撃で上から飛行機が撃墜されるのを見たことあるか？俺はある。</sentence>
		</LocalizationSentence>
		<LocalizationSentence>
			<code>eerie2_voice_tengu_idle_9</code>
			<sentence>もう罠の作り方を忘れかけてたが、思い出したら敵に味わわせてやるさ。</sentence>
		</LocalizationSentence>
		<LocalizationSentence>
			<code>eerie2_voice_tengu_idle_10</code>
			<sentence>ここ20年、自然に目覚めたことがない。毎日銃声で起こされてる。</sentence>
		</LocalizationSentence>
		<LocalizationSentence>
			<code>eerie2_voice_tengu_idle_11</code>
			<sentence>戦争はもう俺たちの一部だ。鍬と銃がなければ生きていけない。</sentence>
		</LocalizationSentence>
		<LocalizationSentence>
			<code>eerie2_voice_hit_0</code>
			<sentence>うっ！</sentence>
		</LocalizationSentence>
		<!--kappa-->
		<LocalizationSentence>
			<code>eerie2_voice_kappa_attack_0</code>
			<sentence>攻撃！</sentence>
		</LocalizationSentence>
		<LocalizationSentence>
			<code>eerie2_voice_kappa_attack_1</code>
			<sentence>移動中！</sentence>
		</LocalizationSentence>
		<LocalizationSentence>
			<code>eerie2_voice_kappa_follow_0</code>
			<sentence>ついてこい。</sentence>
		</LocalizationSentence>
		<LocalizationSentence>
			<code>eerie2_voice_kappa_follow_1</code>
			<sentence>ついてこい。</sentence>
		</LocalizationSentence>
		<LocalizationSentence>
			<code>eerie2_voice_kappa_no_0</code>
			<sentence>いいえ</sentence>
		</LocalizationSentence>
		<LocalizationSentence>
			<code>eerie2_voice_kappa_no_1</code>
			<sentence>いいえ</sentence>
		</LocalizationSentence>
		<LocalizationSentence>
			<code>eerie2_voice_kappa_yes_0</code>
			<sentence>賛成</sentence>
		</LocalizationSentence>
		<LocalizationSentence>
			<code>eerie2_voice_kappa_yes_1</code>
			<sentence>賛成</sentence>
		</LocalizationSentence>
		<LocalizationSentence>
			<code>eerie2_voice_kappa_stop_0</code>
			<sentence>止まれ！</sentence>
		</LocalizationSentence>
		<LocalizationSentence>
			<code>eerie2_voice_kappa_stop_1</code>
			<sentence>止まれ！</sentence>
		</LocalizationSentence>
		<LocalizationSentence>
			<code>eerie2_voice_kappa_spot_0</code>
			<sentence>敵発見！</sentence>
		</LocalizationSentence>
		<LocalizationSentence>
			<code>eerie2_voice_kappa_spot_1</code>
			<sentence>攻撃を受けている！</sentence>
		</LocalizationSentence>
		<!--cirno-->
		<LocalizationSentence>
			<code>eerie2_voice_cirno_attack_0</code>
			<sentence>突撃！</sentence>
		</LocalizationSentence>
		<LocalizationSentence>
			<code>eerie2_voice_cirno_attack_1</code>
			<sentence>突撃！突撃！</sentence>
		</LocalizationSentence>
		<LocalizationSentence>
			<code>eerie2_voice_cirno_attack_2</code>
			<sentence>前へ！</sentence>
		</LocalizationSentence>
		<LocalizationSentence>
			<code>eerie2_voice_cirno_follow_0</code>
			<sentence>撃たれたくなければ、私についてきて！</sentence>
		</LocalizationSentence>
		<LocalizationSentence>
			<code>eerie2_voice_cirno_follow_1</code>
			<sentence>ついてきて！</sentence>
		</LocalizationSentence>
		<LocalizationSentence>
			<code>eerie2_voice_cirno_stop_0</code>
			<sentence>止まれ！</sentence>
		</LocalizationSentence>
		<LocalizationSentence>
			<code>eerie2_voice_cirno_stop_1</code>
			<sentence>これ以上進むな！</sentence>
		</LocalizationSentence>
		<LocalizationSentence>
			<code>eerie2_voice_cirno_no_0</code>
			<sentence>断る！</sentence>
		</LocalizationSentence>
		<LocalizationSentence>
			<code>eerie2_voice_cirno_no_1</code>
			<sentence>無理だよ！</sentence>
		</LocalizationSentence>
		<LocalizationSentence>
			<code>eerie2_voice_cirno_yes_0</code>
			<sentence>いいよ、賛成！</sentence>
		</LocalizationSentence>
		<LocalizationSentence>
			<code>eerie2_voice_cirno_yes_1</code>
			<sentence>なかなかいいね！</sentence>
		</LocalizationSentence>
		<LocalizationSentence>
			<code>eerie2_voice_cirno_spot_0</code>
			<sentence>敵を見つけた！</sentence>
		</LocalizationSentence>
		<LocalizationSentence>
			<code>eerie2_voice_cirno_spot_1</code>
			<sentence>敵発見！</sentence>
		</LocalizationSentence>
		<LocalizationSentence>
			<code>eerie2_voice_cirno_spot_2</code>
			<sentence>撃てー！</sentence>
		</LocalizationSentence>
		<LocalizationSentence>
			<code>eerie2_voice_cirno_skill_0</code>
			<sentence>下がって！</sentence>
		</LocalizationSentence>
		<LocalizationSentence>
			<code>eerie2_voice_cirno_idle_0</code>
			<sentence>デザートイーグルがすごく欲しいけど、高すぎて買えないんだよね。</sentence>
		</LocalizationSentence>
		<LocalizationSentence>
			<code>eerie2_voice_cirno_idle_1</code>
			<sentence>靴の中に砂が入ってるみたいで、気持ち悪い。</sentence>
		</LocalizationSentence>
		<LocalizationSentence>
			<code>eerie2_voice_cirno_idle_2</code>
			<sentence>ん？</sentence>
		</LocalizationSentence>
		<LocalizationSentence>
			<code>eerie2_voice_cirno_idle_3</code>
			<sentence>戦闘って本当に面倒だよね。</sentence>
		</LocalizationSentence>
		<LocalizationSentence>
			<code>eerie2_voice_cirno_idle_4</code>
			<sentence>好きなガンアクション映画のキャラが黒縁メガネだったからかけ始めたんだ。ちょっと近視でもあるし。</sentence>
		</LocalizationSentence>
		<LocalizationSentence>
			<code>eerie2_voice_cirno_idle_5</code>
			<sentence>あと2年くらい働いたら、オフィス勤めになると思う。</sentence>
		</LocalizationSentence>
		<LocalizationSentence>
			<code>eerie2_voice_cirno_idle_6</code>
			<sentence>ここは戦場だから、警戒しておかないとね。</sentence>
		</LocalizationSentence>
		<LocalizationSentence>
			<code>eerie2_voice_cirno_idle_7</code>
			<sentence>誰かに銃口を向けられてる気がする…気のせいだといいけど。</sentence>
		</LocalizationSentence>
		<LocalizationSentence>
			<code>eerie2_voice_cirno_idle_8</code>
			<sentence>大好き！…なんてね、冗談だよ。</sentence>
		</LocalizationSentence>
		<!--english0-->
		<LocalizationSentence>
			<code>eerie2_voice_english0_attack_0</code>
			<sentence>前進する！</sentence>
		</LocalizationSentence>
		<LocalizationSentence>
			<code>eerie2_voice_english0_attack_1</code>
			<sentence>出発！</sentence>
		</LocalizationSentence>
		<LocalizationSentence>
			<code>eerie2_voice_english0_follow_0</code>
			<sentence>援護を要請する。</sentence>
		</LocalizationSentence>
		<LocalizationSentence>
			<code>eerie2_voice_english0_follow_1</code>
			<sentence>支援を求む。</sentence>
		</LocalizationSentence>
		<LocalizationSentence>
			<code>eerie2_voice_english0_no_0</code>
			<sentence>無理だ。</sentence>
		</LocalizationSentence>
		<LocalizationSentence>
			<code>eerie2_voice_english0_no_1</code>
			<sentence>できない。</sentence>
		</LocalizationSentence>
		<LocalizationSentence>
			<code>eerie2_voice_english0_spot_enemy_0</code>
			<sentence>敵発見。</sentence>
		</LocalizationSentence>
		<LocalizationSentence>
			<code>eerie2_voice_english0_spot_enemy_1</code>
			<sentence>敵と交戦中。</sentence>
		</LocalizationSentence>
		<LocalizationSentence>
			<code>eerie2_voice_english0_stop_0</code>
			<sentence>伏せろ。</sentence>
		</LocalizationSentence>
		<LocalizationSentence>
			<code>eerie2_voice_english0_yes_0</code>
			<sentence>了解。</sentence>
		</LocalizationSentence>
		<LocalizationSentence>
			<code>eerie2_voice_english0_yes_1</code>
			<sentence>承知した。</sentence>
		</LocalizationSentence>
		<!--luna-->
		<LocalizationSentence>
			<code>eerie2_voice_luna_attack_0</code>
			<sentence>前へ。</sentence>
		</LocalizationSentence>
		<LocalizationSentence>
			<code>eerie2_voice_luna_attack_1</code>
			<sentence>突撃。</sentence>
		</LocalizationSentence>
		<LocalizationSentence>
			<code>eerie2_voice_luna_follow_0</code>
			<sentence>一緒に来て。</sentence>
		</LocalizationSentence>
		<LocalizationSentence>
			<code>eerie2_voice_luna_follow_1</code>
			<sentence>ついてきて。</sentence>
		</LocalizationSentence>
		<LocalizationSentence>
			<code>eerie2_voice_luna_stop_0</code>
			<sentence>止まって。</sentence>
		</LocalizationSentence>
		<LocalizationSentence>
			<code>eerie2_voice_luna_stop_1</code>
			<sentence>ここで少し待ってて。</sentence>
		</LocalizationSentence>
		<LocalizationSentence>
			<code>eerie2_voice_luna_no_0</code>
			<sentence>否定。</sentence>
		</LocalizationSentence>
		<LocalizationSentence>
			<code>eerie2_voice_luna_no_1</code>
			<sentence>拒否。</sentence>
		</LocalizationSentence>
		<LocalizationSentence>
			<code>eerie2_voice_luna_yes_0</code>
			<sentence>同意。</sentence>
		</LocalizationSentence>
		<LocalizationSentence>
			<code>eerie2_voice_luna_yes_1</code>
			<sentence>了解。</sentence>
		</LocalizationSentence>
		<LocalizationSentence>
			<code>eerie2_voice_luna_spot_0</code>
			<sentence>敵発見。</sentence>
		</LocalizationSentence>
		<LocalizationSentence>
			<code>eerie2_voice_luna_spot_1</code>
			<sentence>敵を見つけた。</sentence>
		</LocalizationSentence>
		<LocalizationSentence>
			<code>eerie2_voice_luna_spot_2</code>
			<sentence>敵の位置。</sentence>
		</LocalizationSentence>
		<LocalizationSentence>
			<code>eerie2_voice_luna_skill_0</code>
			<sentence>静かにしてください。</sentence>
		</LocalizationSentence>
		<!--faction militia-->
		<LocalizationSentence>
			<code>eerie2_voice_militia_start</code>
			<sentence>よし、全部隊、移動開始</sentence>
		</LocalizationSentence>
		<LocalizationSentence>
			<code>eerie2_voice_militia_capture</code>
			<sentence>この位置を確保しました。よくやった。補給を行い、追撃の準備をしてください</sentence>
		</LocalizationSentence>
		<LocalizationSentence>
			<code>eerie2_voice_militia_retreat</code>
			<sentence>前哨基地の制御を失いました。撤退します！</sentence>
		</LocalizationSentence>
		<!--faction fairy-->
		<LocalizationSentence>
			<code>eerie2_voice_fairy_start</code>
			<sentence>作戦開始、幸運を祈る。</sentence>
		</LocalizationSentence>
		<LocalizationSentence>
			<code>eerie2_voice_fairy_capture</code>
			<sentence>位置はクリアで、制御下にあります</sentence>
		</LocalizationSentence>
		<LocalizationSentence>
			<code>eerie2_voice_fairy_retreat</code>
			<sentence>前哨基地の制御を失いました。撤退します！</sentence>
		</LocalizationSentence>
	</sentences>
</LocalizationDB>