﻿<?xml version="1.0" encoding="utf-8"?>
<LocalizationDB xmlns:xsd="http://www.w3.org/2001/XMLSchema" xmlns:xsi="http://www.w3.org/2001/XMLSchema-instance">
  <sentences>
	  <LocalizationSentence>
		  <code>tip_terminal</code>
		  <sentence>コンピュータを確認する</sentence>
	  </LocalizationSentence>
	  <LocalizationSentence>
		  <code>eerie2_terminal_over</code>
		  <sentence>閉じる</sentence>
	  </LocalizationSentence>
	  <LocalizationSentence>
		  <code>eerie2_terminal_back</code>
		  <sentence>戻る</sentence>
	  </LocalizationSentence>
	  <LocalizationSentence>
		  <code>eerie2_terminal_alice_start</code>
		  <sentence>ユーザー: alice2000 がファイルシステムにアクセスしています</sentence>
	  </LocalizationSentence>
	  <LocalizationSentence>
		  <code>eerie2_terminal_flat_start</code>
		  <sentence>ユーザー: killer-bunny がファイルシステムにアクセスしています</sentence>
	  </LocalizationSentence>
	  <LocalizationSentence>
		  <code>eerie2_terminal_lib_start</code>
		  <sentence>ユーザー: lib0 がファイルシステムにアクセスしています</sentence>
	  </LocalizationSentence>
	  <LocalizationSentence>
		  <code>eerie2_terminal_alice_0_title</code>
		  <sentence>尋問 2036.7.2</sentence>
	  </LocalizationSentence>
	  <LocalizationSentence>
		  <code>eerie2_terminal_alice_0</code>
		  <sentence>
名前: 大妖精　性別: 女性　種族: 妖精　年齢: 19歳（相当）
職業: 公安情報部職員
容疑: 外部組織へのサービス提供契約違反
A: なぜ契約を破って第三者組織に仕えたのか？
D: 面白そうだったからです。仕事には影響しませんでした。
A: 誰が最初に紹介したのか。
D: クーパーさんです。まだ学生の時、突然職員室に呼ばれて、また数学の成績の話かと思ったら、いいバイトがあると言われました。雇い主は2人組を必要としていて、その夏にこっそり外で会いました。私は喜んで引き受けました。
A: つまり、エージェントになる前からそういうことをしていた？
D: はい、あなたや霊夢さんを騙していました、ごめんなさい。
A: 初めて人を殺した時の気持ちは？
D: 昔は人を殺すのは悪いことだと思っていましたが、外の世界に来てみると人間が多すぎて、少し減ってもいいかと思いました。だんだんその感覚が楽しくなって、彼らの叫び声がとても興奮させてくれました。ゆっくり拷問して、首を踏みつけて、命乞いする姿を見るのが本当に最高で…あ、ごめんなさい、軽率でした。
A: 昔はあんなに純粋だったのに。チルノが今のあなたを知ったらきっと悲しむでしょう。
D: ああ…どうか彼女には言わないで！
A: あなたの忠誠次第です。本部に戻って装備を受け取り、訓練を続けてください。今後も必要です。
			</sentence>
	  </LocalizationSentence>
	  <LocalizationSentence>
		  <code>eerie2_terminal_alice_1_title</code>
		  <sentence>尋問 2036.7.2</sentence>
	  </LocalizationSentence>
	  <LocalizationSentence>
		  <code>eerie2_terminal_alice_1</code>
		  <sentence>
名前: クーパー　性別: 男性　種族: 天狗　年齢: 30歳（相当）
職業: 高校数学教師
容疑: 拳銃の不法所持および無許可越境
R: なぜリスナー組織に加わった？
C: 加わったわけじゃなく、汚れ仕事を請け負っただけです。実はリスナー組織の人間に会ったこともなく、この名前も本人たちから聞いたことがありません。取引だけです。
R: どれくらいの期間やっていた？
C: 2033年から今までです。今もあなたと交渉してリスナーとの契約を完了しようとしているので、まだ終わっていません。
R: 冗談ばかり言うなら指を切り落とすぞ。
C: なんてことだ！あなたはヤクザですか、それとも公安のリーダーですか。監禁するつもりですか。
R: 教師を続けさせるのが一番監視しやすい。早く罰金を払って、授業に専念しなさい。数日後にまた頼みごとがある。
C: はい！奥様！拳銃を返してもらえませんか。なくすと妻を亡くしたようで、寝る時に何も握れません。
R: ダメ！出ていけ！気持ち悪い…
			</sentence>
	  </LocalizationSentence>
	  <LocalizationSentence>
		  <code>eerie2_terminal_alice_2_title</code>
		  <sentence>主要公安関係者のリアルタイム状況照会</sentence>
	  </LocalizationSentence>
	  <LocalizationSentence>
		  <code>eerie2_terminal_alice_2</code>
		  <sentence>
博麗霊夢：リスナーと協議中
アリス：キラー洗濯機を指揮中
射命丸文：休暇中
ルナチャイルド：アリスの指揮下
チルノ：アリスの指揮下
大妖精：違反のためチームに復帰し再訓練中
ルーミア：訓練および実行テスト中
			</sentence>
	  </LocalizationSentence>
	  <LocalizationSentence>
		  <code>eerie2_terminal_alice_3_title</code>
		  <sentence>主要公安関係者のリアルタイム状況照会</sentence>
	  </LocalizationSentence>
	  <LocalizationSentence>
		  <code>eerie2_terminal_alice_3</code>
		  <sentence>
博麗霊夢：八雲紫の帰還準備
アリス：任務終了間近、首都帰還準備中
射命丸文：休暇中
ルナチャイルド：任務終了間近、首都帰還準備中
チルノ：任務終了間近、首都帰還準備中
大妖精：待機中
ルーミア：待機中
			</sentence>
	  </LocalizationSentence>
	  <LocalizationSentence>
		  <code>eerie2_terminal_alice_4_title</code>
		  <sentence>第二啓蒙（リスナー）からの挨拶（１）</sentence>
	  </LocalizationSentence>
	  <LocalizationSentence>
		  <code>eerie2_terminal_alice_4</code>
		  <sentence>
こんにちは、幻想郷の住民と外の友人たちに心からのご挨拶を送ります。
以前、私たちに対して「リスナー」と呼ぶ、敵意を持つ、結界の保護を失わせて永遠に平和に暮らせなくするなど、いくつかの誤解がありました。今こそそれらを解消する時です。
私たちの設立について。約100年前、人間界を戦争が席巻しました。生き残った者の耳元で死者の魂がささやき、波の音が兵士の遺体を浜辺に運びました。原爆の爆発と戦闘機の轟音が響き渡りました。1945年、戦争は終結し、人類は再び同じ悲劇を防ぐ方法を模索し始めました。
すぐに2つの計画が立案されました。「ブループラン」と「カラープラン」です。
「ブループラン」は平等なルール体系を作り、全人類を包含し、違反者を罰するというものです。これは最も古典的な共同体メカニズムであり、戦争終結前から構想されていました。
もう一つの「カラープラン」は、人類の理想主義的性質を活かし、文化・芸術・デザインで統一された人類共通意識を目指すものです。合理主義・芸術進歩・人間解放を左手に、組織閉鎖・断絶・個人孤立を右手に、人類の未来を握ります。
この時点で、両計画の成果が今日まで残っていることが分かるでしょう。
それがあなた方の旧敵：UNSC、そして新しい友人：第二啓蒙です。
「カラープラン」は当初放棄され、「ブループラン」の成果は国連安全保障理事会（UNSC）に期待されました。しかし間もなく次の戦争が勃発し、UNSCは調停に失敗し、対立勢力の一方に操られ共犯となりました。「ブループラン」は完全に本来の目的から逸脱し、失敗しました。
さらに悪いことに、人類は新たな兵器を発明しました。その影響範囲は広く、数十年経っても害が消えず、今も人類を脅かしています…

それが「兵器化された意識」です。
両陣営は意識への影響手段（嘘、概念の分解、情報汚染など）を兵器化・大量生産し、人類が誇る文化体系に埋め込みました。知識欲の強い者がこれを引き金に被害者となり、心理的に敵を崩壊させるのです。言語、音楽、文字、建築など人類文明の成果がこれらの爆弾で満たされ、無垢な人々は理性を失い、文明の塔も崩れ落ちていきます。
再び死者の魂が人類の耳元でささやき、爆発音と戦闘機の轟音が響きます。大量生産された兵器化意識が理性を蝕み、人類はかつてないほど滅亡の淵に立たされました。
この時、「カラープラン」の最終成果：第二啓蒙が正式に設立されました。初期メンバーは世界中から集まり、唯一の共通点は人類の理性と文明を守るため命を捧げる覚悟でした。最初の任務は両陣営の兵器化意識生産システムを抑制することでした。現在幻想郷で流行しているブルータリズム建築も、私たちの反撃の一環です。
この作戦は両陣営の狂気を抑えましたが、彼らが存在する限り人類の精神世界はいつか蝕まれます。そこで1980年代、最大規模の作戦「ミレニアム・イヴ」を実行し、1990年までに両勢力を解体しました。まず全ての破壊兵器を無効化し、文明の成果を保存し、気象情報を偽装して人々を避難させました。1988年、情報操作のもと両勢力間で完全に制御可能な戦争が勃発し、一方が壊滅、もう一方も資源と意志を失い急速に崩壊しました。犠牲者全員の名は第二啓蒙記念碑に刻まれ、遺族には今も匿名で寄付が送られています。
			</sentence>
	  </LocalizationSentence>
	  <LocalizationSentence>
		  <code>eerie2_terminal_alice_5_title</code>
		  <sentence>第二啓蒙（リスナー）からの挨拶（２）</sentence>
	  </LocalizationSentence>
	  <LocalizationSentence>
		  <code>eerie2_terminal_alice_5</code>
		  <sentence>
前回の作戦で亡くなった人々を悼む間もなく、人類の精神文明は新たな課題に直面しました。
電気を制御する能力を得て以来、電気信号で情報を伝えることは人類の関心事でした。電子技術の進歩で1990年代にインターネットが登場し、一部の人類が電子機器で情報交換を始め、新たな意識が生まれました。当時は美しく思えましたが、意識兵器の力を増幅するリスクは第二啓蒙も認識していました。私たちは予言しました：電子技術が進歩しネット接続者が増えるほど、意識兵器の影響リスクも増大する。最終的には無意味なコンテンツが文明を満たし、最悪の場合、電子機器メーカーがかつての二大陣営のようになり、インターネットで意識兵器の力を増幅し、人類の理性を再び脅かすだろうと。
そこで前世紀の教訓から、2つの計画を立てました。
第一案は最も直接的で、情報操作や暴力的手段で電子技術の発展を遅らせ、インターネットを1998年規模に抑えることです。
第二案は幻想郷に関係します。1970年代から第二啓蒙は幻想郷の存在を知っていましたが、結界の効果で内部調査はできませんでした。それでも結界効果自体は理解していました。人類の進歩を遅らせるため、結界を世界全体に拡大し、人類を退行させる案もありました。1990年代には技術的準備が整い、実現可能な案でした。
最終的に両案を同時進行することにし、これが誤解の根源となりました。結界を壊すつもりはなく、徐々に拡大して全人類を包み、最終的に結界が消えても人類と妖怪はその環境に慣れるという計画でした。実際、妖怪は外の世界でも長期間生存できることが証明されています。
当初は80年かけて結界拡大を完了する予定でしたが、2020年代に人類の理性が急速に劣化し、ネット技術への懸念が的中しました。意識兵器がネットで急速に拡散し、ネットは人類精神世界のゴミ箱・主戦場となりました。しかも今度は二大電子機器メーカーがネット上で争う事態となりました。
この状況を受け、結界拡大を加速せざるを得ませんでした。2034年、計画通り八雲紫の幻想郷支配を一時解除し、副作用から守りました。
しかし昨年、幻想郷の遅れでは人類の進歩に追いつかず、計画は失敗したと気づきました。そこで結界拡大を中止し、結界の効果を強化して現状維持を図るバックアップ案を発動しました。
今や第二啓蒙と幻想郷は同じ目標を持ち、今後はより多くの交流と協力が生まれます。結界の全権は八雲紫に返還され、彼女はまもなく幻想郷に戻る、とても可愛い少女です。
			</sentence>
	  </LocalizationSentence>
	  <LocalizationSentence>
		  <code>eerie2_terminal_alice_6_title</code>
		  <sentence>キラー洗濯機計画</sentence>
	  </LocalizationSentence>
	  <LocalizationSentence>
		  <code>eerie2_terminal_alice_6</code>
		  <sentence>
主目標：外の世界とリアルタイムで情報交換を確立し、将来不可避な大規模統合イベントに備える。
主な活動地域は仙蘭省およびその地下。
主な手段は、今世紀初頭に放棄された「物干し竿」監視施設を再稼働し、人間の監視と外部住民とのリアルタイム通信を行うこと。
副目標：第二啓蒙との連携・協力を確立し、結界の主要ノードを修復、結界を強化できればキラー洗濯機計画を即時終了し、ニトロレンガ壁計画を実行。詳細は関連文書参照。
			</sentence>
	  </LocalizationSentence>
	  <LocalizationSentence>
		  <code>eerie2_terminal_alice_7_title</code>
		  <sentence>ニトロレンガ壁計画</sentence>
	  </LocalizationSentence>
	  <LocalizationSentence>
		  <code>eerie2_terminal_alice_7</code>
		  <sentence>
主目標：幻想郷を近代化以前に戻す。
主な活動地域は八雲周辺。
主な手段は八雲と協議し、彼女が能力を取り戻せば同意し、幻想郷を1960年代に戻し、全住民の記憶も書き換える。
副目標：21世紀幻想郷の主要文化成果を外部に保存し、後で徐々に戻す。
			</sentence>
	  </LocalizationSentence>
	  <LocalizationSentence>
		  <code>eerie2_terminal_flat_0_title</code>
		  <sentence>文々。新聞 2035.11.12</sentence>
	  </LocalizationSentence>
	  <LocalizationSentence>
		  <code>eerie2_terminal_flat_0</code>
		  <sentence>
紅魔館戦争終結
国防軍空挺部隊がスカーレット島を奇襲し、15日間の戦闘の末、紅魔館警備隊は全ての武器弾薬を使い果たし、2300人が捕虜となり戦争は終結した。これは幻想郷政権時代最大の軍事作戦であり、機械化歩兵連隊に相当する準軍事部隊が完全に壊滅し、政府は2個旅団規模の部隊を投入した。
空挺部隊にとっても容易な勝利ではなく、少なくとも4機のヘリが撃墜され、軽火器で武装ヘリが撃墜されるほど紅魔館警備隊の火力密度は高かった。
もちろん、この戦争で紅魔館警備隊は過去のものとなった。全員が捕虜となり、各種装甲車200両と携帯防空ミサイル50基も政府に押収された。一部の関係者によれば、彼らは新たな警備隊として再編され、スカーレット島に駐留するが、完全に国防軍の管理下となるという。
一部の評論家は、この軍事作戦の目的は政府の武力を誇示し、100万の軍のごく一部だけで幻想郷を第二次内戦に引き込もうとする全勢力を威嚇することだと考えている。また、紅魔館が外部と一定の関係を持つため、幻想郷軍の結界創設・対外報復のリハーサルだとする批判もある。
			</sentence>
	  </LocalizationSentence>
	  <LocalizationSentence>
		  <code>eerie2_terminal_flat_1_title</code>
		  <sentence>文々。新聞 2036.1.20</sentence>
	  </LocalizationSentence>
	  <LocalizationSentence>
		  <code>eerie2_terminal_flat_1</code>
		  <sentence>
レミリア謝罪動画、全財産没収
スカーレット島戦争終結からしばらく経ち、レミリアの行方がついに明らかになった。政府はレミリアがカメラの前で「罪」を認める動画を公開した。
彼女は、過去に政府の建築外観規定を守らず、紅魔館の「醜悪な建物」で聖なる仙蘭を汚したことを認め、自ら全財産没収の処罰を受け入れ、不運の烙印を押され全ての職を失うことを受け入れた。最後に、現在外で暮らす妹を侮辱しないでほしいと述べ、動画は終了した。
涙ながらに謝罪するレミリアの隣で、幻想郷武装司令官のジ・ハイタングオは紫赤のスーツで足を組み、いつものように無表情で座っていた。動画の途中で彼女は「まっすぐすぎる、謝罪っぽくない」と言い、レミリアの肩にハイヒールのかかとを突き立てそうになった。
この動画について、世論は二分している。批判派は、政府が幻想郷を37年統一しても人間のマフィアのようなやり方で「レミリアの指を切る配信でもするのか」と非難し、混乱を招くだけだとする。支持派は、これは違法者への究極の罰であり、政府のやり方が好きだとし、幻想郷の統治は人間を真似る必要はないと主張している。
			</sentence>
	  </LocalizationSentence>
	  <LocalizationSentence>
		  <code>eerie2_terminal_flat_2_title</code>
		  <sentence>文々。新聞 2036.2.1</sentence>
	  </LocalizationSentence>
	  <LocalizationSentence>
		  <code>eerie2_terminal_flat_2</code>
		  <sentence>
全て決着、高技術派が紅魔館改修プロジェクトを獲得
幻想郷建築業界で注目を集めていた紅魔館改修プロジェクトの入札結果がついに明らかになった。高技術派の測量チームが現地入りし、従来の業界予想を覆した。
約1年前から建設業界では紅魔館改修プロジェクトの入札が噂されていた。記者も政府の定例会見でこの件を質問したが、当時の報道官は回答しなかった。このニュースは紅魔館にも伝わり、私有財産の神聖さを無視していると不満を表明した。
高技術派が落札するまでは、改修はブルータリズム派が担当するというのが業界の主流予想だった。理由は、ブルータリズム派が政府建築の設計・施工を多く担当し、単独で警備もでき、16階未満の建物設計に長けているからだ。しかし高技術派の測量チームが現地入りしたことで、これらの予想は意味を失った。
この意外な結果について、業界では様々な憶測が飛び交っているが、有力なのは「紅魔館改修プロジェクトは実は早苗グループ主導」という説だ。早苗グループの主要建設資産は全て高技術派が設計・施工し、政府も彼らの私設武装などを黙認してきた。近年、早苗グループの会議録には「仙蘭進出」などの言葉が頻繁に登場する。
仙蘭の地が政府のコンクリート住宅と戦時経済体制に占拠される中、高技術素材で建てられる新紅魔館は「消費と欲望の場」になるか、あるいは早苗グループの次なる膿となるかもしれない。
			</sentence>
	  </LocalizationSentence>
	  <LocalizationSentence>
		  <code>eerie2_terminal_lib_0_title</code>
		  <sentence>党の簡史 第一章：起源の謎</sentence>
	  </LocalizationSentence>
	  <LocalizationSentence>
		  <code>eerie2_terminal_lib_0</code>
		  <sentence>
幻想郷に短い黄金時代をもたらした党の特異な政権は、すぐに崩壊し、歴史学界で常に話題となってきた。政府時代から30年以上、党に関する新発見が絶えず、会議記録や内戦を生き延びた電子メディア、目撃者の証言などがある。本章ではその起源に焦点を当てる。
1950年代にはすでに党組織の萌芽があった。鬼王朝の支配に不満を持つ天狗や人間が小規模な組織を作り、最初は外から流入した銃器を集めて鬼王朝の武士と戦った。やがて結界を越えて武器弾薬を大量に持ち込む活動へと発展した。当時、結界越えは非常に危険で、二度越えるのはさらに困難だった。そのため、外部に常駐する調整役を置き、武器輸送を担当させたという仮説がある。
1960年代には鬼王朝の終焉が避けられなくなった。1966年3月か4月、鬼王朝の宮殿が陥落し、700年の支配が終わった。3ヶ月後、新政権の国名が全国に知られることとなった。この3ヶ月間、党が何をしていたかは確かな情報がなく、2つの仮説がある。一つは当時の情報伝達が遅く、宮殿陥落前から新政権は方針を決めていたというもの。もう一つは、最初から何も考えておらず、後から急いで奇妙な名前を付けたというもの。
新政権のニュースは住民に広まったが、話題になる以外は市民の生活は変わらなかった。しかし年を追うごとに、収穫機、ディーゼル船、コンクリート建築、現代美術などが住民の生活に溶け込み、黄金時代が始まった。
			</sentence>
	  </LocalizationSentence>
	  <LocalizationSentence>
		  <code>eerie2_terminal_lib_1_title</code>
		  <sentence>党の簡史 第二章：黄金時代</sentence>
	  </LocalizationSentence>
	  <LocalizationSentence>
		  <code>eerie2_terminal_lib_1</code>
		  <sentence>
黄金時代の始まりは徐々に進行し、大きな出来事は記録されていない。しかし1980年代には幻想郷はすでにコンクリート建築と車の世界となっていた。技術の支えで住民は芸術や文化創作に時間を割けるようになり、現在幻想郷を左右する2大建築デザイン流派もこの時期に形成された。
黄金時代最大の遺産は首都である。1970年代、党は幻想郷文化発祥の地・仙蘭に現代的夢を実現する余地がないと判断し、「地上で最もモダニズムな都市」首都の建設を決定。1980年代に夢を実現し、首都の主要都市部がほぼ完成した。自動化施設、高架橋、真鍮の質感の物体が至る所に見られた。このスタイルは今ではコンクリート派建築家に批判されるが、首都は黄金時代の究極の傑作であることは否定できない。
黄金時代は「シリコン時代」とも呼ばれ、人間の電子機器が社会の隅々まで浸透し、党は様々なデータをテープで保存した。農薬調達記録から幻想郷の全歴史まで。また、航空産業も大きく発展し、これは王朝時代の基盤とコンピュータの助けによる。
この時期、党は外部から武器を大量に集めることに執着していた。1980年代末には戦車2000両、飛行機500機以上を備蓄し、銃器は市民1人に1丁、兵士には3丁、弾薬生産量は米の生産量を上回った。学界は、これは外部侵略への備えであり、内乱防止には多すぎると推測している。
だが1995年、栄光の黄金時代は急速に終焉を迎えた。
			</sentence>
	  </LocalizationSentence>
	  <LocalizationSentence>
		  <code>eerie2_terminal_lib_2_title</code>
		  <sentence>党の簡史 第三章：終焉</sentence>
	  </LocalizationSentence>
	  <LocalizationSentence>
		  <code>eerie2_terminal_lib_2</code>
		  <sentence>
1995年、幻想郷の電力供給が2ヶ月で完全に途絶し、大混乱が起きた。これが黄金時代最後の実質的な歴史記録である。その後の4年間（1995～1999年）は何が起きたか記録がなく、断片的な証言のみが残る。停電直後に全国戦争が勃発し、武器庫が開放され、皆が撃ち合い、各地が火の海となり、党は消滅したという人もいる。党が山を割る兵器を使い、その後聴力を失ったという人もいる。煙を吸って全員が失明したという人もいる。村の人間の大半が妖怪に食われ、自分だけ生き残ったという人もいる。いずれも確認できないが、現代の歴史研究では黄金時代の終焉が幻想郷千年史上最も激しい戦争をもたらしたとされる。
この戦争は幻想郷の意識領域すら変えてしまった。妖怪は「記憶保存症候群」に苦しみ、その時期の記憶がほとんどなく、黄金時代末期のぼんやりした記憶しかない。人類の集合意識もこの戦争で完全に変化した。2005年、首都中央病院で有名な「銃口実験」が行われた。1ヶ月の新生児12人をA・B・Cの3グループに分け、Aにはカラーのひまわり写真、Bには白黒のコントラスト強調写真、Cにはカメラを向けた銃口写真を見せた。Aは興味深そうに見つめ、Bは無関心、Cはすぐ泣き出し身を隠そうとした。「銃口実験」はこの戦争が幻想郷人類の意識に深刻な影響を与え、「遺伝的PTSD」すらもたらしたことを示した。
1999年以降の出来事は幻想郷の全住民が知る通り、政府と呼ばれる武装勢力が千年紀の夜明けから幻想郷を統一し、現在に至る。
		</sentence>
	  </LocalizationSentence>
	  <LocalizationSentence>
		  <code>eerie2_terminal_lib_3_title</code>
		  <sentence>党の簡史 第四章：残された謎</sentence>
	  </LocalizationSentence>
	  <LocalizationSentence>
		  <code>eerie2_terminal_lib_3</code>
		  <sentence>
党の政権は多くの謎を残した。記事の連続性のため、現代の党に関する推測を最後にまとめる。
党が急速に近代化を達成できた理由：千年紀時代の歴史学界の大きな関心事だったが、近年の資料発見で外部世界との関係が明らかになった。外部世界の歴史研究によれば、党の興亡は同時期の外部勢力とほぼ一致し、党が備蓄した武器や工業設備も外部勢力と一致している。
党はまだ存在するのか？主流見解は「記憶保存障害」により、ほとんどの妖怪が黄金時代の職業すら覚えておらず、健常者も影響力を持てないため、もはや存在しないとされる。
党が境界大不況を招いたのか：千年紀時代の学界は黄金時代が大不況の始まりと考えていたが、近年は境界の衰退は党の興隆より前に始まっていたとされ、党は促進役に過ぎないとされる。
党は幻想郷の存在を外部に露呈させたのか？現在の学界は、幻想郷露呈の主因は党の活動と魔理沙の裏切りの2つだと考えている。前者は人類による初の直接記録、後者は外部世界との敵対状況を招いた。
			</sentence>
	  </LocalizationSentence>
  </sentences> 
</LocalizationDB>