﻿<?xml version="1.0" encoding="utf-8"?>
<LocalizationDB xmlns:xsd="http://www.w3.org/2001/XMLSchema" xmlns:xsi="http://www.w3.org/2001/XMLSchema-instance">
  <sentences>
    <LocalizationSentence>
      <code>item_1</code>
      <sentence>1</sentence>
    </LocalizationSentence>
    <LocalizationSentence>
      <code>item_2</code>
      <sentence>2</sentence>
    </LocalizationSentence>
    <LocalizationSentence>
      <code>item_3</code>
      <sentence>3</sentence>
    </LocalizationSentence>
    <LocalizationSentence>
      <code>item_4</code>
      <sentence>4</sentence>
    </LocalizationSentence>
    <LocalizationSentence>
      <code>item_5</code>
      <sentence>5</sentence>
    </LocalizationSentence>
    <LocalizationSentence>
      <code>item_6</code>
      <sentence>6</sentence>
    </LocalizationSentence>
    <LocalizationSentence>
      <code>item_7</code>
      <sentence>7</sentence>
    </LocalizationSentence>
    <LocalizationSentence>
      <code>item_8</code>
      <sentence>8</sentence>
    </LocalizationSentence>
    <LocalizationSentence>
      <code>item_9</code>
      <sentence>9</sentence>
    </LocalizationSentence>
    <LocalizationSentence>
      <code>item_10</code>
      <sentence>10</sentence>
    </LocalizationSentence>
    <LocalizationSentence>
      <code>item_11</code>
      <sentence>11</sentence>
    </LocalizationSentence>
    <LocalizationSentence>
      <code>item_12</code>
      <sentence>12</sentence>
    </LocalizationSentence>
    <LocalizationSentence>
      <code>item_13</code>
      <sentence>13</sentence>
    </LocalizationSentence>
    <LocalizationSentence>
      <code>item_14</code>
      <sentence>14</sentence>
    </LocalizationSentence>
    <LocalizationSentence>
      <code>item_15</code>
      <sentence>15</sentence>
    </LocalizationSentence>
    <LocalizationSentence>
      <code>item_16</code>
      <sentence>16</sentence>
    </LocalizationSentence>
    <LocalizationSentence>
      <code>item_251</code>
      <sentence>アーマープレート</sentence>
    </LocalizationSentence>
    <LocalizationSentence>
      <code>item_501</code>
      <sentence>501</sentence>
    </LocalizationSentence>
    <LocalizationSentence>
      <code>item_502</code>
      <sentence>502</sentence>
    </LocalizationSentence>
    <LocalizationSentence>
      <code>item_503</code>
      <sentence>503</sentence>
    </LocalizationSentence>
    <LocalizationSentence>
      <code>item_504</code>
      <sentence>504</sentence>
    </LocalizationSentence>
    <LocalizationSentence>
      <code>item_505</code>
      <sentence>505</sentence>
    </LocalizationSentence>
    <LocalizationSentence>
      <code>item_506</code>
      <sentence>506</sentence>
    </LocalizationSentence>
    <LocalizationSentence>
      <code>item_507</code>
      <sentence>507</sentence>
    </LocalizationSentence>
	  <LocalizationSentence>
		  <code>item_751</code>
		  <sentence>ルナチャイルド</sentence>
	  </LocalizationSentence>
	  <LocalizationSentence>
		  <code>item_752</code>
		  <sentence>アリス・マーガトロイド</sentence>
	  </LocalizationSentence>
	  <LocalizationSentence>
		  <code>item_753</code>
		  <sentence>鈴仙・優曇華院・イナバ</sentence>
	  </LocalizationSentence>
	  <LocalizationSentence>
		  <code>item_754</code>
		  <sentence>ナズーリン</sentence>
	  </LocalizationSentence>
	  <LocalizationSentence>
		  <code>item_755</code>
		  <sentence>チルノ</sentence>
	  </LocalizationSentence>
	  <LocalizationSentence>
		  <code>item_756</code>
		  <sentence>河城にとり</sentence>
	  </LocalizationSentence>
	  <LocalizationSentence>
		  <code>item_757</code>
		  <sentence>妖精0</sentence>
	  </LocalizationSentence>
	  <LocalizationSentence>
		  <code>item_758</code>
		  <sentence>妖精1</sentence>
	  </LocalizationSentence>
	  <LocalizationSentence>
		  <code>item_759</code>
		  <sentence>妖精2</sentence>
	  </LocalizationSentence>
	  <LocalizationSentence>
		  <code>item_760</code>
		  <sentence>天狗0</sentence>
	  </LocalizationSentence>
	  <LocalizationSentence>
		  <code>item_761</code>
		  <sentence>天狗1</sentence>
	  </LocalizationSentence>
	  <LocalizationSentence>
		  <code>item_762</code>
		  <sentence>天狗2</sentence>
	  </LocalizationSentence>
	  <LocalizationSentence>
		  <code>item_763</code>
		  <sentence>河童0</sentence>
	  </LocalizationSentence>
	  <LocalizationSentence>
		  <code>item_764</code>
		  <sentence>河童1</sentence>
	  </LocalizationSentence>
    <LocalizationSentence>
      <code>item_1001</code>
      <sentence>セーラー服スカート</sentence>
    </LocalizationSentence>
    <LocalizationSentence>
      <code>item_1002</code>
      <sentence>セーラー服スカート</sentence>
    </LocalizationSentence>
    <LocalizationSentence>
      <code>item_1003</code>
      <sentence>セーラー服スカート</sentence>
    </LocalizationSentence>
    <LocalizationSentence>
      <code>item_1004</code>
      <sentence>ショートスカート</sentence>
    </LocalizationSentence>
    <LocalizationSentence>
      <code>item_1005</code>
      <sentence>ビジネススーツスカート</sentence>
    </LocalizationSentence>
    <LocalizationSentence>
      <code>item_1006</code>
      <sentence>ホットパンツ</sentence>
    </LocalizationSentence>
    <LocalizationSentence>
      <code>item_1007</code>
      <sentence>ショートパンツ</sentence>
    </LocalizationSentence>
    <LocalizationSentence>
      <code>item_1008</code>
      <sentence>ナイロンパンティストッキング（黒）</sentence>
    </LocalizationSentence>
    <LocalizationSentence>
      <code>item_1009</code>
      <sentence>ナイロンパンティストッキング</sentence>
    </LocalizationSentence>
    <LocalizationSentence>
      <code>item_1010</code>
      <sentence>ナイロンパンティストッキング（白）</sentence>
    </LocalizationSentence>
    <LocalizationSentence>
      <code>item_1011</code>
      <sentence>ナイロンストッキング（黒）</sentence>
    </LocalizationSentence>
    <LocalizationSentence>
      <code>item_1012</code>
      <sentence>ナイロンストッキング</sentence>
    </LocalizationSentence>
    <LocalizationSentence>
      <code>item_1013</code>
      <sentence>ナイロンストッキング（白）</sentence>
    </LocalizationSentence>
    <LocalizationSentence>
      <code>item_1014</code>
      <sentence>靴下</sentence>
    </LocalizationSentence>
    <LocalizationSentence>
      <code>item_1015</code>
      <sentence>靴下</sentence>
    </LocalizationSentence>
    <LocalizationSentence>
      <code>item_1251</code>
      <sentence>Tシャツ</sentence>
    </LocalizationSentence>
    <LocalizationSentence>
      <code>item_1252</code>
      <sentence>セーラー服セーター</sentence>
    </LocalizationSentence>
    <LocalizationSentence>
      <code>item_1253</code>
      <sentence>セーラー服セーター</sentence>
    </LocalizationSentence>
    <LocalizationSentence>
      <code>item_1254</code>
      <sentence>セーラー服セーター</sentence>
    </LocalizationSentence>
    <LocalizationSentence>
      <code>item_1255</code>
      <sentence>フード付きジャケット</sentence>
    </LocalizationSentence>
    <LocalizationSentence>
      <code>item_1256</code>
      <sentence>フード付きジャケット</sentence>
    </LocalizationSentence>
    <LocalizationSentence>
      <code>item_1257</code>
      <sentence>パーカー</sentence>
    </LocalizationSentence>
    <LocalizationSentence>
      <code>item_1258</code>
      <sentence>パーカー</sentence>
    </LocalizationSentence>
    <LocalizationSentence>
      <code>item_1259</code>
      <sentence>パーカー</sentence>
    </LocalizationSentence>
    <LocalizationSentence>
      <code>item_1260</code>
      <sentence>パーカー</sentence>
    </LocalizationSentence>
    <LocalizationSentence>
      <code>item_1261</code>
      <sentence>魔法使いのトップス</sentence>
    </LocalizationSentence>
    <LocalizationSentence>
      <code>item_1262</code>
      <sentence>魔法使いのトップス</sentence>
    </LocalizationSentence>
    <LocalizationSentence>
      <code>item_1263</code>
      <sentence>ビジネススーツ上着</sentence>
    </LocalizationSentence>
    <LocalizationSentence>
      <code>item_1264</code>
      <sentence>セーラー服</sentence>
    </LocalizationSentence>
    <LocalizationSentence>
      <code>item_1265</code>
      <sentence>セーラー服</sentence>
    </LocalizationSentence>
    <LocalizationSentence>
      <code>item_1266</code>
      <sentence>ACU top(UCP)</sentence>
    </LocalizationSentence>
    <LocalizationSentence>
      <code>item_1267</code>
      <sentence>ACU top(OCP)</sentence>
    </LocalizationSentence>
    <LocalizationSentence>
      <code>item_1268</code>
      <sentence>天狗の着物</sentence>
    </LocalizationSentence>
    <LocalizationSentence>
      <code>item_1269</code>
      <sentence>天狗の着物</sentence>
    </LocalizationSentence>
    <LocalizationSentence>
      <code>item_1270</code>
      <sentence>バニーガールスーツ</sentence>
    </LocalizationSentence>
    <LocalizationSentence>
      <code>item_1501</code>
      <sentence>AVSベスト（OCP）</sentence>
    </LocalizationSentence>
    <LocalizationSentence>
      <code>item_1502</code>
      <sentence>AVSベスト（TAN）</sentence>
    </LocalizationSentence>
    <LocalizationSentence>
      <code>item_1503</code>
      <sentence>AVSベスト（RG）</sentence>
    </LocalizationSentence>
    <LocalizationSentence>
      <code>item_1504</code>
      <sentence>Defender2</sentence>
    </LocalizationSentence>
    <LocalizationSentence>
      <code>item_1505</code>
      <sentence>Defender2</sentence>
    </LocalizationSentence>
    <LocalizationSentence>
      <code>item_1506</code>
      <sentence>Defender2</sentence>
    </LocalizationSentence>
    <LocalizationSentence>
      <code>item_1751</code>
      <sentence>MFFグローブ</sentence>
    </LocalizationSentence>
    <LocalizationSentence>
      <code>item_1752</code>
      <sentence>MFFグローブ</sentence>
    </LocalizationSentence>
    <LocalizationSentence>
      <code>item_1753</code>
      <sentence>Oglグローブ</sentence>
    </LocalizationSentence>
    <LocalizationSentence>
      <code>item_1754</code>
      <sentence>Oglグローブ</sentence>
    </LocalizationSentence>
    <LocalizationSentence>
      <code>item_2001</code>
      <sentence>フェイスマスク</sentence>
    </LocalizationSentence>
    <LocalizationSentence>
      <code>item_2002</code>
      <sentence>メガネ</sentence>
    </LocalizationSentence>
    <LocalizationSentence>
      <code>item_2003</code>
      <sentence>サングラス</sentence>
    </LocalizationSentence>
    <LocalizationSentence>
      <code>item_2004</code>
      <sentence>バニー耳カチューシャ</sentence>
    </LocalizationSentence>
    <LocalizationSentence>
      <code>item_2005</code>
      <sentence>バニー耳カチューシャ</sentence>
    </LocalizationSentence>
    <LocalizationSentence>
      <code>item_2006</code>
      <sentence>バニー耳カチューシャ</sentence>
    </LocalizationSentence>
    <LocalizationSentence>
      <code>item_2007</code>
      <sentence>アリスカチューシャ</sentence>
    </LocalizationSentence>
    <LocalizationSentence>
      <code>item_2008</code>
      <sentence>アリスカチューシャ</sentence>
    </LocalizationSentence>
    <LocalizationSentence>
      <code>item_2009</code>
      <sentence>アリスカチューシャ</sentence>
    </LocalizationSentence>
    <LocalizationSentence>
      <code>item_2010</code>
      <sentence>ヘアリボン</sentence>
    </LocalizationSentence>
    <LocalizationSentence>
      <code>item_2011</code>
      <sentence>コンタックヘッドセット</sentence>
    </LocalizationSentence>
    <LocalizationSentence>
      <code>item_2012</code>
      <sentence>コンタックヘッドセット</sentence>
    </LocalizationSentence>
    <LocalizationSentence>
      <code>item_2013</code>
      <sentence>天狗帽</sentence>
    </LocalizationSentence>
    <LocalizationSentence>
      <code>item_2014</code>
      <sentence>天狗帽</sentence>
    </LocalizationSentence>
    <LocalizationSentence>
      <code>item_2015</code>
      <sentence>河童帽</sentence>
    </LocalizationSentence>
    <LocalizationSentence>
      <code>item_2016</code>
      <sentence>河童帽</sentence>
    </LocalizationSentence>
    <LocalizationSentence>
      <code>item_2017</code>
      <sentence>モブキャップ</sentence>
    </LocalizationSentence>
    <LocalizationSentence>
      <code>item_2018</code>
      <sentence>モブキャップ（OCP）</sentence>
    </LocalizationSentence>
    <LocalizationSentence>
      <code>item_2019</code>
      <sentence>画家帽</sentence>
    </LocalizationSentence>
    <LocalizationSentence>
      <code>item_2020</code>
      <sentence>バニーガール耳</sentence>
    </LocalizationSentence>
    <LocalizationSentence>
      <code>item_2251</code>
      <sentence>Mk3 チェストリグ</sentence>
    </LocalizationSentence>
    <LocalizationSentence>
      <code>item_2252</code>
      <sentence>Mk3 チェストリグ</sentence>
    </LocalizationSentence>
    <LocalizationSentence>
      <code>item_2253</code>
      <sentence>Mk3 チェストリグ</sentence>
    </LocalizationSentence>
    <LocalizationSentence>
      <code>item_2254</code>
      <sentence>56式チェストリグ</sentence>
    </LocalizationSentence>
    <LocalizationSentence>
      <code>item_2501</code>
      <sentence>学生靴</sentence>
    </LocalizationSentence>
    <LocalizationSentence>
      <code>item_2502</code>
      <sentence>JK靴</sentence>
    </LocalizationSentence>
    <LocalizationSentence>
      <code>item_2503</code>
      <sentence>ローブーツ</sentence>
    </LocalizationSentence>
    <LocalizationSentence>
      <code>item_2504</code>
      <sentence>ローブーツ</sentence>
    </LocalizationSentence>
    <LocalizationSentence>
      <code>item_2505</code>
      <sentence>長靴</sentence>
    </LocalizationSentence>
    <LocalizationSentence>
      <code>item_2506</code>
      <sentence>長靴</sentence>
    </LocalizationSentence>
    <LocalizationSentence>
      <code>item_2507</code>
      <sentence>スケートボードシューズ（女性）</sentence>
    </LocalizationSentence>
    <LocalizationSentence>
      <code>item_2508</code>
      <sentence>スケートボードシューズ（女性）</sentence>
    </LocalizationSentence>
    <LocalizationSentence>
      <code>item_2509</code>
      <sentence>スケートボードシューズ（女性）</sentence>
    </LocalizationSentence>
    <LocalizationSentence>
      <code>item_2510</code>
      <sentence>LOVAブーツ</sentence>
    </LocalizationSentence>
    <LocalizationSentence>
      <code>item_2511</code>
      <sentence>LOVAブーツ</sentence>
    </LocalizationSentence>
    <LocalizationSentence>
      <code>item_2512</code>
      <sentence>下駄</sentence>
    </LocalizationSentence>
    <LocalizationSentence>
      <code>item_2751</code>
      <sentence>自走骸骨</sentence>
    </LocalizationSentence>
    <LocalizationSentence>
      <code>item_3001</code>
      <sentence>3001</sentence>
    </LocalizationSentence>
    <LocalizationSentence>
      <code>item_3002</code>
      <sentence>3002</sentence>
    </LocalizationSentence>
    <LocalizationSentence>
      <code>item_3251</code>
      <sentence>Type5000 電子腕時計</sentence>
    </LocalizationSentence>
    <LocalizationSentence>
      <code>item_3252</code>
      <sentence>セイキ ダイバーズウォッチ</sentence>
    </LocalizationSentence>
    <LocalizationSentence>
      <code>item_13751</code>
      <sentence>AK74 バレル</sentence>
    </LocalizationSentence>
    <LocalizationSentence>
      <code>item_13752</code>
      <sentence>AK105 バレル</sentence>
    </LocalizationSentence>
    <LocalizationSentence>
      <code>item_13753</code>
      <sentence>13753</sentence>
    </LocalizationSentence>
    <LocalizationSentence>
      <code>item_13754</code>
      <sentence>AK103 バレル</sentence>
    </LocalizationSentence>
    <LocalizationSentence>
      <code>item_13755</code>
      <sentence>AK104 バレル</sentence>
    </LocalizationSentence>
    <LocalizationSentence>
      <code>item_13756</code>
      <sentence>AKM バレル</sentence>
    </LocalizationSentence>
    <LocalizationSentence>
      <code>item_13757</code>
      <sentence>AK74 マズル</sentence>
    </LocalizationSentence>
    <LocalizationSentence>
      <code>item_13758</code>
      <sentence>PBS1 サプレッサー</sentence>
    </LocalizationSentence>
    <LocalizationSentence>
      <code>item_13759</code>
      <sentence>AK105 マズル</sentence>
    </LocalizationSentence>
    <LocalizationSentence>
      <code>item_13760</code>
      <sentence>DTK1 マズル</sentence>
    </LocalizationSentence>
    <LocalizationSentence>
      <code>item_13761</code>
      <sentence>AKM マズル</sentence>
    </LocalizationSentence>
    <LocalizationSentence>
      <code>item_13762</code>
      <sentence>AK74m ダストカバー</sentence>
    </LocalizationSentence>
    <LocalizationSentence>
      <code>item_13763</code>
      <sentence>AKM ダストカバー</sentence>
    </LocalizationSentence>
    <LocalizationSentence>
      <code>item_13764</code>
      <sentence>B33 レールダストカバー</sentence>
    </LocalizationSentence>
    <LocalizationSentence>
      <code>item_13765</code>
      <sentence>B33 レールダストカバー</sentence>
    </LocalizationSentence>
    <LocalizationSentence>
      <code>item_13766</code>
      <sentence>AK74 ガスチューブ</sentence>
    </LocalizationSentence>
    <LocalizationSentence>
      <code>item_13767</code>
      <sentence>AK74m ストック</sentence>
    </LocalizationSentence>
    <LocalizationSentence>
      <code>item_13768</code>
      <sentence>AKS74 ストック</sentence>
    </LocalizationSentence>
    <LocalizationSentence>
      <code>item_13769</code>
      <sentence>AKM ストック</sentence>
    </LocalizationSentence>
    <LocalizationSentence>
      <code>item_13770</code>
      <sentence>PT1 ストックベース</sentence>
    </LocalizationSentence>
    <LocalizationSentence>
      <code>item_13771</code>
      <sentence>PT1 ストックベース</sentence>
    </LocalizationSentence>
    <LocalizationSentence>
      <code>item_13772</code>
      <sentence>PT1 ストック</sentence>
    </LocalizationSentence>
    <LocalizationSentence>
      <code>item_13773</code>
      <sentence>PT1 ストック</sentence>
    </LocalizationSentence>
    <LocalizationSentence>
      <code>item_13774</code>
      <sentence>AK AR15 バッファーチューブアダプター</sentence>
    </LocalizationSentence>
    <LocalizationSentence>
      <code>item_13775</code>
      <sentence>AK74M ロアハンドガード</sentence>
    </LocalizationSentence>
    <LocalizationSentence>
      <code>item_13776</code>
      <sentence>AK74 プラムロアハンドガード</sentence>
    </LocalizationSentence>
    <LocalizationSentence>
      <code>item_13777</code>
      <sentence>AK FAB ロアハンドガード</sentence>
    </LocalizationSentence>
    <LocalizationSentence>
      <code>item_13778</code>
      <sentence>AK FAB ロアハンドガード</sentence>
    </LocalizationSentence>
    <LocalizationSentence>
      <code>item_13779</code>
      <sentence>AK TDI ロアハンドガード</sentence>
    </LocalizationSentence>
    <LocalizationSentence>
      <code>item_13780</code>
      <sentence>AK TDI ロアハンドガード</sentence>
    </LocalizationSentence>
    <LocalizationSentence>
      <code>item_13781</code>
      <sentence>AKM ロアハンドガード</sentence>
    </LocalizationSentence>
    <LocalizationSentence>
      <code>item_13782</code>
      <sentence>AK B10U ロアハンドガード</sentence>
    </LocalizationSentence>
    <LocalizationSentence>
      <code>item_13783</code>
      <sentence>AK B10U ロアハンドガード</sentence>
    </LocalizationSentence>
    <LocalizationSentence>
      <code>item_13784</code>
      <sentence>AK74m アッパーハンドガード</sentence>
    </LocalizationSentence>
    <LocalizationSentence>
      <code>item_13785</code>
      <sentence>AK74 プラムアッパーハンドガード</sentence>
    </LocalizationSentence>
    <LocalizationSentence>
      <code>item_13786</code>
      <sentence>AK FAB アッパーハンドガード</sentence>
    </LocalizationSentence>
    <LocalizationSentence>
      <code>item_13787</code>
      <sentence>AK FAB アッパーハンドガード</sentence>
    </LocalizationSentence>
    <LocalizationSentence>
      <code>item_13788</code>
      <sentence>AK TDI アッパーハンドガード</sentence>
    </LocalizationSentence>
    <LocalizationSentence>
      <code>item_13789</code>
      <sentence>AK TDI アッパーハンドガード</sentence>
    </LocalizationSentence>
    <LocalizationSentence>
      <code>item_13790</code>
      <sentence>AKM アッパーハンドガード</sentence>
    </LocalizationSentence>
    <LocalizationSentence>
      <code>item_13791</code>
      <sentence>AK B19 アッパーハンドガード</sentence>
    </LocalizationSentence>
    <LocalizationSentence>
      <code>item_13792</code>
      <sentence>AK B19 アッパーハンドガード</sentence>
    </LocalizationSentence>
    <LocalizationSentence>
      <code>item_13793</code>
      <sentence>AK ダブテールレール</sentence>
    </LocalizationSentence>
    <LocalizationSentence>
      <code>item_13794</code>
      <sentence>AK WI サイトレール</sentence>
    </LocalizationSentence>
    <LocalizationSentence>
      <code>item_13795</code>
      <sentence>AK74m グリップ</sentence>
    </LocalizationSentence>
    <LocalizationSentence>
      <code>item_13796</code>
      <sentence>AK プラムグリップ</sentence>
    </LocalizationSentence>
    <LocalizationSentence>
      <code>item_13797</code>
      <sentence>AK RK3 グリップ</sentence>
    </LocalizationSentence>
    <LocalizationSentence>
      <code>item_13798</code>
      <sentence>AK RK3 グリップ</sentence>
    </LocalizationSentence>
    <LocalizationSentence>
      <code>item_13799</code>
      <sentence>AK12 グリップ</sentence>
    </LocalizationSentence>
    <LocalizationSentence>
      <code>item_13800</code>
      <sentence>AK アイアンサイト</sentence>
    </LocalizationSentence>
    <LocalizationSentence>
      <code>item_13801</code>
      <sentence>AKM サイト</sentence>
    </LocalizationSentence>
    <LocalizationSentence>
      <code>item_13802</code>
      <sentence>GP25</sentence>
    </LocalizationSentence>
    <LocalizationSentence>
      <code>item_12501</code>
      <sentence>5.8 DBP87</sentence>
    </LocalizationSentence>
    <LocalizationSentence>
      <code>item_12502</code>
      <sentence>5.56 M855</sentence>
    </LocalizationSentence>
    <LocalizationSentence>
      <code>item_12503</code>
      <sentence>5.56 M995</sentence>
    </LocalizationSentence>
    <LocalizationSentence>
      <code>item_12504</code>
      <sentence>7.62 M43</sentence>
    </LocalizationSentence>
    <LocalizationSentence>
      <code>item_12505</code>
      <sentence>7.62 BP</sentence>
    </LocalizationSentence>
    <LocalizationSentence>
      <code>item_12506</code>
      <sentence>5.45 ps</sentence>
    </LocalizationSentence>
    <LocalizationSentence>
      <code>item_12507</code>
      <sentence>5.45 7n39</sentence>
    </LocalizationSentence>
    <LocalizationSentence>
      <code>item_12508</code>
      <sentence>9mmFMJ</sentence>
    </LocalizationSentence>
    <LocalizationSentence>
      <code>item_12509</code>
      <sentence>9*18FMJ</sentence>
    </LocalizationSentence>
    <LocalizationSentence>
      <code>item_12510</code>
      <sentence>40mm M406</sentence>
    </LocalizationSentence>
    <LocalizationSentence>
      <code>item_12511</code>
      <sentence>Reisen 40mm heal round</sentence>
    </LocalizationSentence>
    <LocalizationSentence>
      <code>item_12512</code>
      <sentence>Vog25</sentence>
    </LocalizationSentence>
    <LocalizationSentence>
      <code>item_12513</code>
      <sentence>12ga buck</sentence>
    </LocalizationSentence>
    <LocalizationSentence>
      <code>item_12514</code>
      <sentence>12ga slug</sentence>
    </LocalizationSentence>
    <LocalizationSentence>
      <code>item_12515</code>
      <sentence>7.62NATO M80</sentence>
    </LocalizationSentence>
    <LocalizationSentence>
      <code>item_12516</code>
      <sentence>7.62NATO M993</sentence>
    </LocalizationSentence>
    <LocalizationSentence>
      <code>item_12517</code>
      <sentence>7.62*54 lps</sentence>
    </LocalizationSentence>
    <LocalizationSentence>
      <code>item_12518</code>
      <sentence>At4 round</sentence>
    </LocalizationSentence>
    <LocalizationSentence>
      <code>item_12519</code>
      <sentence>Rpg26 round</sentence>
    </LocalizationSentence>
    <LocalizationSentence>
      <code>item_12520</code>
      <sentence>12520</sentence>
    </LocalizationSentence>
    <LocalizationSentence>
      <code>item_12521</code>
      <sentence>.50BMG ball</sentence>
    </LocalizationSentence>
    <LocalizationSentence>
      <code>item_12522</code>
      <sentence>12522</sentence>
    </LocalizationSentence>
    <LocalizationSentence>
      <code>item_12523</code>
      <sentence>12523</sentence>
    </LocalizationSentence>
    <LocalizationSentence>
      <code>item_12524</code>
      <sentence>12524</sentence>
    </LocalizationSentence>
    <LocalizationSentence>
      <code>item_12525</code>
      <sentence>12525</sentence>
    </LocalizationSentence>
    <LocalizationSentence>
      <code>item_14001</code>
      <sentence>M4 アッパー</sentence>
    </LocalizationSentence>
    <LocalizationSentence>
      <code>item_14002</code>
      <sentence>M4 バレル</sentence>
    </LocalizationSentence>
    <LocalizationSentence>
      <code>item_14003</code>
      <sentence>MK18 バレル</sentence>
    </LocalizationSentence>
    <LocalizationSentence>
      <code>item_14004</code>
      <sentence>M4 バッファーチューブ</sentence>
    </LocalizationSentence>
    <LocalizationSentence>
      <code>item_14005</code>
      <sentence>M4 チャージングハンドル</sentence>
    </LocalizationSentence>
    <LocalizationSentence>
      <code>item_14006</code>
      <sentence>AR15 ラプターチャージングハンドル</sentence>
    </LocalizationSentence>
    <LocalizationSentence>
      <code>item_14007</code>
      <sentence>AR15 ラプターチャージングハンドル</sentence>
    </LocalizationSentence>
    <LocalizationSentence>
      <code>item_14008</code>
      <sentence>M4 ストック</sentence>
    </LocalizationSentence>
    <LocalizationSentence>
      <code>item_14009</code>
      <sentence>CTR ストック</sentence>
    </LocalizationSentence>
    <LocalizationSentence>
      <code>item_14010</code>
      <sentence>CTR ストック</sentence>
    </LocalizationSentence>
    <LocalizationSentence>
      <code>item_14011</code>
      <sentence>CTR ストック</sentence>
    </LocalizationSentence>
    <LocalizationSentence>
      <code>item_14012</code>
      <sentence>M4 NCSW ストック</sentence>
    </LocalizationSentence>
    <LocalizationSentence>
      <code>item_14013</code>
      <sentence>M4 NCSW ストック</sentence>
    </LocalizationSentence>
    <LocalizationSentence>
      <code>item_14014</code>
      <sentence>M16 サイトガスポート</sentence>
    </LocalizationSentence>
    <LocalizationSentence>
      <code>item_14015</code>
      <sentence>AR15 スモールガスポート</sentence>
    </LocalizationSentence>
    <LocalizationSentence>
      <code>item_14016</code>
      <sentence>M4 グリップ</sentence>
    </LocalizationSentence>
    <LocalizationSentence>
      <code>item_14017</code>
      <sentence>AR15 MOEグリップ</sentence>
    </LocalizationSentence>
    <LocalizationSentence>
      <code>item_14018</code>
      <sentence>AR15 MOEグリップ</sentence>
    </LocalizationSentence>
    <LocalizationSentence>
      <code>item_14019</code>
      <sentence>RIS ハンドガードベース</sentence>
    </LocalizationSentence>
    <LocalizationSentence>
      <code>item_14020</code>
      <sentence>14020</sentence>
    </LocalizationSentence>
    <LocalizationSentence>
      <code>item_14021</code>
      <sentence>MK16 ハンドガード</sentence>
    </LocalizationSentence>
    <LocalizationSentence>
      <code>item_14022</code>
      <sentence>MK16 ハンドガード</sentence>
    </LocalizationSentence>
    <LocalizationSentence>
      <code>item_14023</code>
      <sentence>RIS ハンドガードアッパー</sentence>
    </LocalizationSentence>
    <LocalizationSentence>
      <code>item_14024</code>
      <sentence>RIS ハンドガードロア</sentence>
    </LocalizationSentence>
    <LocalizationSentence>
      <code>item_14025</code>
      <sentence>RIS2 ハンドガードベース</sentence>
    </LocalizationSentence>
    <LocalizationSentence>
      <code>item_14026</code>
      <sentence>RIS2 ハンドガードベース</sentence>
    </LocalizationSentence>
    <LocalizationSentence>
      <code>item_14027</code>
      <sentence>RIS2 12インチハンドガードロア</sentence>
    </LocalizationSentence>
    <LocalizationSentence>
      <code>item_14028</code>
      <sentence>RIS2 12インチハンドガードロア</sentence>
    </LocalizationSentence>
    <LocalizationSentence>
      <code>item_14029</code>
      <sentence>RIS2 12インチハンドガードアッパー</sentence>
    </LocalizationSentence>
    <LocalizationSentence>
      <code>item_14030</code>
      <sentence>RIS2 12インチハンドガードアッパー</sentence>
    </LocalizationSentence>
    <LocalizationSentence>
      <code>item_14031</code>
      <sentence>RIS2 9インチハンドガードロア</sentence>
    </LocalizationSentence>
    <LocalizationSentence>
      <code>item_14032</code>
      <sentence>RIS2 9インチハンドガードロア</sentence>
    </LocalizationSentence>
    <LocalizationSentence>
      <code>item_14033</code>
      <sentence>RIS2 9インチハンドガードアッパー</sentence>
    </LocalizationSentence>
    <LocalizationSentence>
      <code>item_14034</code>
      <sentence>RIS2 9インチハンドガードアッパー</sentence>
    </LocalizationSentence>
    <LocalizationSentence>
      <code>item_14035</code>
      <sentence>M4 トリガー</sentence>
    </LocalizationSentence>
    <LocalizationSentence>
      <code>item_14036</code>
      <sentence>M4 トリガーガード</sentence>
    </LocalizationSentence>
    <LocalizationSentence>
      <code>item_14037</code>
      <sentence>AR15 プレシジョントリガーガード</sentence>
    </LocalizationSentence>
    <LocalizationSentence>
      <code>item_14038</code>
      <sentence>AR15 プレシジョントリガーガード</sentence>
    </LocalizationSentence>
    <LocalizationSentence>
      <code>item_14039</code>
      <sentence>M203</sentence>
    </LocalizationSentence>
    <LocalizationSentence>
      <code>item_14040</code>
      <sentence>AR15 3ポートマズル</sentence>
    </LocalizationSentence>
    <LocalizationSentence>
      <code>item_14041</code>
      <sentence>M16 バードケージマズル</sentence>
    </LocalizationSentence>
    <LocalizationSentence>
      <code>item_14042</code>
      <sentence>AR15 SOCOM 4プロングマズル</sentence>
    </LocalizationSentence>
    <LocalizationSentence>
      <code>item_14043</code>
      <sentence>SOCOM 556 サプレッサー</sentence>
    </LocalizationSentence>
    <LocalizationSentence>
      <code>item_14044</code>
      <sentence>SOCOM 556 サプレッサー</sentence>
    </LocalizationSentence>
    <LocalizationSentence>
      <code>item_14251</code>
      <sentence>カルカノ ポリマーストック</sentence>
    </LocalizationSentence>
    <LocalizationSentence>
      <code>item_14252</code>
      <sentence>カルカノ ポリマーストック</sentence>
    </LocalizationSentence>
    <LocalizationSentence>
      <code>item_14253</code>
      <sentence>カルカノ ポリマーストック</sentence>
    </LocalizationSentence>
    <LocalizationSentence>
      <code>item_14254</code>
      <sentence>カルカノ ストック</sentence>
    </LocalizationSentence>
    <LocalizationSentence>
      <code>item_14255</code>
      <sentence>カルカノ レール</sentence>
    </LocalizationSentence>
    <LocalizationSentence>
      <code>item_14256</code>
      <sentence>カルカノ スコープマウント</sentence>
    </LocalizationSentence>
    <LocalizationSentence>
      <code>item_14501</code>
      <sentence>M240 バレル</sentence>
    </LocalizationSentence>
    <LocalizationSentence>
      <code>item_14502</code>
      <sentence>M240b キャップ</sentence>
    </LocalizationSentence>
    <LocalizationSentence>
      <code>item_14503</code>
      <sentence>M240b ストック</sentence>
    </LocalizationSentence>
    <LocalizationSentence>
      <code>item_14504</code>
      <sentence>M240b バレルカバー</sentence>
    </LocalizationSentence>
    <LocalizationSentence>
      <code>item_14505</code>
      <sentence>M240 レール</sentence>
    </LocalizationSentence>
    <LocalizationSentence>
      <code>item_14751</code>
      <sentence>FN HP バレル</sentence>
    </LocalizationSentence>
    <LocalizationSentence>
      <code>item_14752</code>
      <sentence>FN HP タクティカルバレル</sentence>
    </LocalizationSentence>
    <LocalizationSentence>
      <code>item_14753</code>
      <sentence>FN HP 木製グリップ</sentence>
    </LocalizationSentence>
    <LocalizationSentence>
      <code>item_14754</code>
      <sentence>FN HP グリップ</sentence>
    </LocalizationSentence>
    <LocalizationSentence>
      <code>item_14755</code>
      <sentence>FN HP HPCグリップ</sentence>
    </LocalizationSentence>
    <LocalizationSentence>
      <code>item_14756</code>
      <sentence>FNHP HPCグリップ</sentence>
    </LocalizationSentence>
    <LocalizationSentence>
      <code>item_14757</code>
      <sentence>FN HP フロントサイト</sentence>
    </LocalizationSentence>
    <LocalizationSentence>
      <code>item_14758</code>
      <sentence>FNHP トリコンサイト</sentence>
    </LocalizationSentence>
    <LocalizationSentence>
      <code>item_14759</code>
      <sentence>オブシディアン9 サプレッサー</sentence>
    </LocalizationSentence>
    <LocalizationSentence>
      <code>item_14760</code>
      <sentence>オブシディアン9 サプレッサー</sentence>
    </LocalizationSentence>
    <LocalizationSentence>
      <code>item_15001</code>
      <sentence>タンゴダウン フォアグリップ</sentence>
    </LocalizationSentence>
    <LocalizationSentence>
      <code>item_15002</code>
      <sentence>タンゴダウン フォアグリップ</sentence>
    </LocalizationSentence>
    <LocalizationSentence>
      <code>item_15251</code>
      <sentence>ガリルACE32 バレル</sentence>
    </LocalizationSentence>
    <LocalizationSentence>
      <code>item_15252</code>
      <sentence>ガリルACE31 バレル</sentence>
    </LocalizationSentence>
    <LocalizationSentence>
      <code>item_15253</code>
      <sentence>ガリルACE バッファーチューブ</sentence>
    </LocalizationSentence>
    <LocalizationSentence>
      <code>item_15254</code>
      <sentence>ガリルACE32 ガスチューブ</sentence>
    </LocalizationSentence>
    <LocalizationSentence>
      <code>item_15255</code>
      <sentence>ガリルACE31 ガスチューブ</sentence>
    </LocalizationSentence>
    <LocalizationSentence>
      <code>item_15256</code>
      <sentence>ガリルACE グリップ</sentence>
    </LocalizationSentence>
    <LocalizationSentence>
      <code>item_15257</code>
      <sentence>ガリルACE KNSグリップ</sentence>
    </LocalizationSentence>
    <LocalizationSentence>
      <code>item_15258</code>
      <sentence>ガリルACE KNSグリップ</sentence>
    </LocalizationSentence>
    <LocalizationSentence>
      <code>item_15259</code>
      <sentence>ガリルACE ハンドガード</sentence>
    </LocalizationSentence>
    <LocalizationSentence>
      <code>item_15260</code>
      <sentence>ガリルACE MIレールハンドガード</sentence>
    </LocalizationSentence>
    <LocalizationSentence>
      <code>item_15261</code>
      <sentence>ガリルACE リアサイト</sentence>
    </LocalizationSentence>
    <LocalizationSentence>
      <code>item_15262</code>
      <sentence>ガリルACE ストック</sentence>
    </LocalizationSentence>
    <LocalizationSentence>
      <code>item_15263</code>
      <sentence>ガリルACE チークレスト</sentence>
    </LocalizationSentence>
    <LocalizationSentence>
      <code>item_15501</code>
      <sentence>ガーランド ストック</sentence>
    </LocalizationSentence>
    <LocalizationSentence>
      <code>item_15502</code>
      <sentence>ガーランド バレル</sentence>
    </LocalizationSentence>
    <LocalizationSentence>
      <code>item_15503</code>
      <sentence>ガーランド バックバレルカバー</sentence>
    </LocalizationSentence>
    <LocalizationSentence>
      <code>item_15504</code>
      <sentence>ガーランド レールバレルカバー</sentence>
    </LocalizationSentence>
    <LocalizationSentence>
      <code>item_15505</code>
      <sentence>ガーランド フロントバレルカバー</sentence>
    </LocalizationSentence>
    <LocalizationSentence>
      <code>item_15506</code>
      <sentence>ガーランド カバーリング</sentence>
    </LocalizationSentence>
    <LocalizationSentence>
      <code>item_15507</code>
      <sentence>Garand rear sight</sentence>
    </LocalizationSentence>
    <LocalizationSentence>
      <code>item_12751</code>
      <sentence>Galil Ace 32</sentence>
    </LocalizationSentence>
    <LocalizationSentence>
      <code>item_12752</code>
      <sentence>AK74M</sentence>
    </LocalizationSentence>
    <LocalizationSentence>
      <code>item_12753</code>
      <sentence>AK103</sentence>
    </LocalizationSentence>
    <LocalizationSentence>
      <code>item_12754</code>
      <sentence>AKM</sentence>
    </LocalizationSentence>
    <LocalizationSentence>
      <code>item_12755</code>
      <sentence>FN M4</sentence>
    </LocalizationSentence>
    <LocalizationSentence>
      <code>item_12756</code>
      <sentence>M4</sentence>
    </LocalizationSentence>
    <LocalizationSentence>
      <code>item_12757</code>
      <sentence>QBZ97</sentence>
    </LocalizationSentence>
    <LocalizationSentence>
      <code>item_12758</code>
      <sentence>FN HP</sentence>
    </LocalizationSentence>
    <LocalizationSentence>
      <code>item_12759</code>
      <sentence>Makarov PM</sentence>
    </LocalizationSentence>
    <LocalizationSentence>
      <code>item_12760</code>
      <sentence>Makarov PB</sentence>
    </LocalizationSentence>
    <LocalizationSentence>
      <code>item_12761</code>
      <sentence>M18</sentence>
    </LocalizationSentence>
    <LocalizationSentence>
      <code>item_12762</code>
      <sentence>M18 Blue</sentence>
    </LocalizationSentence>
    <LocalizationSentence>
      <code>item_12763</code>
      <sentence>M870</sentence>
    </LocalizationSentence>
    <LocalizationSentence>
      <code>item_12764</code>
      <sentence>M1014</sentence>
    </LocalizationSentence>
    <LocalizationSentence>
      <code>item_12765</code>
      <sentence>HH417</sentence>
    </LocalizationSentence>
    <LocalizationSentence>
      <code>item_12766</code>
      <sentence>メロン</sentence>
    </LocalizationSentence>
    <LocalizationSentence>
      <code>item_12767</code>
      <sentence>Carcano M38</sentence>
    </LocalizationSentence>
    <LocalizationSentence>
      <code>item_12768</code>
      <sentence>M1 Garand</sentence>
    </LocalizationSentence>
    <LocalizationSentence>
      <code>item_12769</code>
      <sentence>G28</sentence>
    </LocalizationSentence>
    <LocalizationSentence>
      <code>item_12770</code>
      <sentence>SVU</sentence>
    </LocalizationSentence>
    <LocalizationSentence>
      <code>item_12771</code>
      <sentence>MP9</sentence>
    </LocalizationSentence>
    <LocalizationSentence>
      <code>item_12772</code>
      <sentence>M79</sentence>
    </LocalizationSentence>
    <LocalizationSentence>
      <code>item_12773</code>
      <sentence>PKM</sentence>
    </LocalizationSentence>
    <LocalizationSentence>
      <code>item_12774</code>
      <sentence>M240</sentence>
    </LocalizationSentence>
    <LocalizationSentence>
      <code>item_12775</code>
      <sentence>Reisen Gun</sentence>
    </LocalizationSentence>
    <LocalizationSentence>
      <code>item_12776</code>
      <sentence>AT4</sentence>
    </LocalizationSentence>
    <LocalizationSentence>
      <code>item_12777</code>
      <sentence>RPG26</sentence>
    </LocalizationSentence>
    <LocalizationSentence>
      <code>item_12778</code>
      <sentence>M95</sentence>
    </LocalizationSentence>
    <LocalizationSentence>
      <code>item_15751</code>
      <sentence>G28 ハンドガード</sentence>
    </LocalizationSentence>
    <LocalizationSentence>
      <code>item_15752</code>
      <sentence>HH417 ハンドガード</sentence>
    </LocalizationSentence>
    <LocalizationSentence>
      <code>item_15753</code>
      <sentence>G28 ストック</sentence>
    </LocalizationSentence>
    <LocalizationSentence>
      <code>item_15754</code>
      <sentence>HH417 ストック</sentence>
    </LocalizationSentence>
    <LocalizationSentence>
      <code>item_15755</code>
      <sentence>HH417 13インチバレル</sentence>
    </LocalizationSentence>
    <LocalizationSentence>
      <code>item_15756</code>
      <sentence>HH417 20インチバレル</sentence>
    </LocalizationSentence>
    <LocalizationSentence>
      <code>item_15757</code>
      <sentence>HH417 マズル</sentence>
    </LocalizationSentence>
    <LocalizationSentence>
      <code>item_15758</code>
      <sentence>HH416 トリガーガード</sentence>
    </LocalizationSentence>
    <LocalizationSentence>
      <code>item_15759</code>
      <sentence>HH416 トリガーガード</sentence>
    </LocalizationSentence>
    <LocalizationSentence>
      <code>item_15760</code>
      <sentence>HH416 グリップ</sentence>
    </LocalizationSentence>
    <LocalizationSentence>
      <code>item_15761</code>
      <sentence>HH416 グリップ</sentence>
    </LocalizationSentence>
    <LocalizationSentence>
      <code>item_16001</code>
      <sentence>M870 バレル</sentence>
    </LocalizationSentence>
    <LocalizationSentence>
      <code>item_16002</code>
      <sentence>M870 ショートバレル</sentence>
    </LocalizationSentence>
    <LocalizationSentence>
      <code>item_16003</code>
      <sentence>M870 グリップ</sentence>
    </LocalizationSentence>
    <LocalizationSentence>
      <code>item_16004</code>
      <sentence>M870 AR15ストックアダプター</sentence>
    </LocalizationSentence>
    <LocalizationSentence>
      <code>item_16005</code>
      <sentence>M870 ストック</sentence>
    </LocalizationSentence>
    <LocalizationSentence>
      <code>item_16006</code>
      <sentence>M870 トップレール</sentence>
    </LocalizationSentence>
    <LocalizationSentence>
      <code>item_16007</code>
      <sentence>M870 ハンドガード</sentence>
    </LocalizationSentence>
    <LocalizationSentence>
      <code>item_16008</code>
      <sentence>M870 レールハンドガード</sentence>
    </LocalizationSentence>
    <LocalizationSentence>
      <code>item_16251</code>
      <sentence>M1014 バレル</sentence>
    </LocalizationSentence>
    <LocalizationSentence>
      <code>item_16252</code>
      <sentence>M1014 ショートバレル</sentence>
    </LocalizationSentence>
    <LocalizationSentence>
      <code>item_16253</code>
      <sentence>M1014 伸縮ストックベース</sentence>
    </LocalizationSentence>
    <LocalizationSentence>
      <code>item_16254</code>
      <sentence>M1014 固定ストック</sentence>
    </LocalizationSentence>
    <LocalizationSentence>
      <code>item_16255</code>
      <sentence>M1014 グリップ</sentence>
    </LocalizationSentence>
    <LocalizationSentence>
      <code>item_16256</code>
      <sentence>M1014 伸縮ストック</sentence>
    </LocalizationSentence>
    <LocalizationSentence>
      <code>item_16257</code>
      <sentence>M1014 トップレール</sentence>
    </LocalizationSentence>
    <LocalizationSentence>
      <code>item_16258</code>
      <sentence>M1014 リアサイト</sentence>
    </LocalizationSentence>
    <LocalizationSentence>
      <code>item_16259</code>
      <sentence>M1014 ハンドガード</sentence>
    </LocalizationSentence>
    <LocalizationSentence>
      <code>item_16260</code>
      <sentence>M1014 FABハンドガード</sentence>
    </LocalizationSentence>
    <LocalizationSentence>
      <code>item_25001</code>
      <sentence>4179型マガジン</sentence>
    </LocalizationSentence>
    <LocalizationSentence>
      <code>item_25002</code>
      <sentence>Magpro 30連マガジン</sentence>
    </LocalizationSentence>
    <LocalizationSentence>
      <code>item_25003</code>
      <sentence>Magpro 30連マガジン</sentence>
    </LocalizationSentence>
    <LocalizationSentence>
      <code>item_25004</code>
      <sentence>Magpro 556 40連マガジン</sentence>
    </LocalizationSentence>
    <LocalizationSentence>
      <code>item_25005</code>
      <sentence>Magpro 556 40連マガジン</sentence>
    </LocalizationSentence>
    <LocalizationSentence>
      <code>item_25006</code>
      <sentence>AK74 30連マガジン</sentence>
    </LocalizationSentence>
    <LocalizationSentence>
      <code>item_25007</code>
      <sentence>AK74 プラム30連マガジン</sentence>
    </LocalizationSentence>
    <LocalizationSentence>
      <code>item_25008</code>
      <sentence>RPK74 45連マガジン</sentence>
    </LocalizationSentence>
    <LocalizationSentence>
      <code>item_25009</code>
      <sentence>AKM 30連マガジン</sentence>
    </LocalizationSentence>
    <LocalizationSentence>
      <code>item_25010</code>
      <sentence>RPK 45連マガジン</sentence>
    </LocalizationSentence>
    <LocalizationSentence>
      <code>item_25011</code>
      <sentence>SVD 10連マガジン</sentence>
    </LocalizationSentence>
    <LocalizationSentence>
      <code>item_25012</code>
      <sentence>QBZ95 30連マガジン</sentence>
    </LocalizationSentence>
    <LocalizationSentence>
      <code>item_25013</code>
      <sentence>QJB95 75連ドラムマガジン</sentence>
    </LocalizationSentence>
    <LocalizationSentence>
      <code>item_25014</code>
      <sentence>FN HP 15連マガジン</sentence>
    </LocalizationSentence>
    <LocalizationSentence>
      <code>item_25015</code>
      <sentence>マカロフ 8連マガジン</sentence>
    </LocalizationSentence>
    <LocalizationSentence>
      <code>item_25016</code>
      <sentence>M870 6連マガジン</sentence>
    </LocalizationSentence>
    <LocalizationSentence>
      <code>item_25017</code>
      <sentence>M870 4連マガジン</sentence>
    </LocalizationSentence>
    <LocalizationSentence>
      <code>item_25018</code>
      <sentence>M1014 6連マガジン</sentence>
    </LocalizationSentence>
    <LocalizationSentence>
      <code>item_25019</code>
      <sentence>HH417 20連マガジン</sentence>
    </LocalizationSentence>
    <LocalizationSentence>
      <code>item_25020</code>
      <sentence>PKM 100発弾薬箱</sentence>
    </LocalizationSentence>
    <LocalizationSentence>
      <code>item_25021</code>
      <sentence>P320 17連マガジン</sentence>
    </LocalizationSentence>
    <LocalizationSentence>
      <code>item_25022</code>
      <sentence>P320 21連マガジン</sentence>
    </LocalizationSentence>
    <LocalizationSentence>
      <code>item_25023</code>
      <sentence>FN MAG 50発弾薬箱</sentence>
    </LocalizationSentence>
    <LocalizationSentence>
      <code>item_25024</code>
      <sentence>カルカノ クリップ</sentence>
    </LocalizationSentence>
    <LocalizationSentence>
      <code>item_25025</code>
      <sentence>ガーランド クリップ</sentence>
    </LocalizationSentence>
    <LocalizationSentence>
      <code>item_25026</code>
      <sentence>MP9 マガジン</sentence>
    </LocalizationSentence>
    <LocalizationSentence>
      <code>item_25027</code>
      <sentence>M82 5連マガジン</sentence>
    </LocalizationSentence>
    <LocalizationSentence>
      <code>item_16501</code>
      <sentence>T1 ローマウント</sentence>
    </LocalizationSentence>
    <LocalizationSentence>
      <code>item_16502</code>
      <sentence>T1 ローマウント</sentence>
    </LocalizationSentence>
    <LocalizationSentence>
      <code>item_16503</code>
      <sentence>T1 ローマウント</sentence>
    </LocalizationSentence>
    <LocalizationSentence>
      <code>item_16504</code>
      <sentence>T1 ハイマウント</sentence>
    </LocalizationSentence>
    <LocalizationSentence>
      <code>item_16505</code>
      <sentence>T1 ハイマウント</sentence>
    </LocalizationSentence>
    <LocalizationSentence>
      <code>item_16506</code>
      <sentence>アークナイト 30mm スコープマウント</sentence>
    </LocalizationSentence>
    <LocalizationSentence>
      <code>item_16507</code>
      <sentence>Pepr 30mm マウント</sentence>
    </LocalizationSentence>
    <LocalizationSentence>
      <code>item_16508</code>
      <sentence>M203 サイトレールマウント</sentence>
    </LocalizationSentence>
    <LocalizationSentence>
      <code>item_16509</code>
      <sentence>ウィーバー サイドレール</sentence>
    </LocalizationSentence>
    <LocalizationSentence>
      <code>item_16510</code>
      <sentence>Mlok レール</sentence>
    </LocalizationSentence>
    <LocalizationSentence>
      <code>item_16511</code>
      <sentence>FAB ハンドガード用レール</sentence>
    </LocalizationSentence>
    <LocalizationSentence>
      <code>item_16512</code>
      <sentence>FAB ハンドガード用レール</sentence>
    </LocalizationSentence>
    <LocalizationSentence>
      <code>item_16513</code>
      <sentence>RMR レールマウント</sentence>
    </LocalizationSentence>
    <LocalizationSentence>
      <code>item_16514</code>
      <sentence>Specter バックアップサイトレール</sentence>
    </LocalizationSentence>
    <LocalizationSentence>
      <code>item_16515</code>
      <sentence>Elcan specter レッドドットマウント</sentence>
    </LocalizationSentence>
    <LocalizationSentence>
      <code>item_16751</code>
      <sentence>MP9 レール</sentence>
    </LocalizationSentence>
    <LocalizationSentence>
      <code>item_16752</code>
      <sentence>MP9 リアサイト</sentence>
    </LocalizationSentence>
    <LocalizationSentence>
      <code>item_16753</code>
      <sentence>MP9 サイレンサー</sentence>
    </LocalizationSentence>
    <LocalizationSentence>
      <code>item_16754</code>
      <sentence>MP9 サイレンサーマウント</sentence>
    </LocalizationSentence>
    <LocalizationSentence>
      <code>item_16755</code>
      <sentence>MP9 ストック</sentence>
    </LocalizationSentence>
    <LocalizationSentence>
      <code>item_17001</code>
      <sentence>M18 サイト</sentence>
    </LocalizationSentence>
    <LocalizationSentence>
      <code>item_17002</code>
      <sentence>M18 RMRマウント</sentence>
    </LocalizationSentence>
    <LocalizationSentence>
      <code>item_17003</code>
      <sentence>M18 フロントサイト</sentence>
    </LocalizationSentence>
    <LocalizationSentence>
      <code>item_17004</code>
      <sentence>M18 バレル</sentence>
    </LocalizationSentence>
    <LocalizationSentence>
      <code>item_17005</code>
      <sentence>M18 サプレッサーバレル</sentence>
    </LocalizationSentence>
    <LocalizationSentence>
      <code>item_17251</code>
      <sentence>PKM バレル</sentence>
    </LocalizationSentence>
    <LocalizationSentence>
      <code>item_17252</code>
      <sentence>PKM マズル</sentence>
    </LocalizationSentence>
    <LocalizationSentence>
      <code>item_17253</code>
      <sentence>PKM アイアンサイト</sentence>
    </LocalizationSentence>
    <LocalizationSentence>
      <code>item_17254</code>
      <sentence>PKM アイアンサイト</sentence>
    </LocalizationSentence>
    <LocalizationSentence>
      <code>item_17255</code>
      <sentence>PKM グリップ</sentence>
    </LocalizationSentence>
    <LocalizationSentence>
      <code>item_17256</code>
      <sentence>PKM グリップ</sentence>
    </LocalizationSentence>
    <LocalizationSentence>
      <code>item_17257</code>
      <sentence>PKM ストック</sentence>
    </LocalizationSentence>
    <LocalizationSentence>
      <code>item_17258</code>
      <sentence>PKP ストック</sentence>
    </LocalizationSentence>
    <LocalizationSentence>
      <code>item_17259</code>
      <sentence>DTK1p PKM マズル</sentence>
    </LocalizationSentence>
    <LocalizationSentence>
      <code>item_17260</code>
      <sentence>B51 サイトレール</sentence>
    </LocalizationSentence>
    <LocalizationSentence>
      <code>item_17261</code>
      <sentence>B51 サイトレール</sentence>
    </LocalizationSentence>
    <LocalizationSentence>
      <code>item_17262</code>
      <sentence>B50 ハンドガード</sentence>
    </LocalizationSentence>
    <LocalizationSentence>
      <code>item_17263</code>
      <sentence>B50 ハンドガードトップレール</sentence>
    </LocalizationSentence>
    <LocalizationSentence>
      <code>item_17501</code>
      <sentence>マカロフ グリップ</sentence>
    </LocalizationSentence>
    <LocalizationSentence>
      <code>item_17502</code>
      <sentence>マカロフPB サプレッサー</sentence>
    </LocalizationSentence>
    <LocalizationSentence>
      <code>item_17751</code>
      <sentence>QBZ97 バレル</sentence>
    </LocalizationSentence>
    <LocalizationSentence>
      <code>item_17752</code>
      <sentence>QBZ95 ハンドル</sentence>
    </LocalizationSentence>
    <LocalizationSentence>
      <code>item_17753</code>
      <sentence>QBZ95 ロングボウ</sentence>
    </LocalizationSentence>
    <LocalizationSentence>
      <code>item_17754</code>
      <sentence>QBZ95 ロングボウ</sentence>
    </LocalizationSentence>
    <LocalizationSentence>
      <code>item_17755</code>
      <sentence>QBZ97 ハンドガード</sentence>
    </LocalizationSentence>
    <LocalizationSentence>
      <code>item_17756</code>
      <sentence>QBZ97 LHG ハンドガード</sentence>
    </LocalizationSentence>
    <LocalizationSentence>
      <code>item_17757</code>
      <sentence>QBZ97 ガスポート</sentence>
    </LocalizationSentence>
    <LocalizationSentence>
      <code>item_17758</code>
      <sentence>QLG91</sentence>
    </LocalizationSentence>
    <LocalizationSentence>
      <code>item_17759</code>
      <sentence>QBZ95 マズル</sentence>
    </LocalizationSentence>
    <LocalizationSentence>
      <code>item_13001</code>
      <sentence>Exps3 ホロサイト</sentence>
    </LocalizationSentence>
    <LocalizationSentence>
      <code>item_13002</code>
      <sentence>EXPS3 ホロサイト</sentence>
    </LocalizationSentence>
    <LocalizationSentence>
      <code>item_13003</code>
      <sentence>Aimpoint t1 ドットサイト</sentence>
    </LocalizationSentence>
    <LocalizationSentence>
      <code>item_13004</code>
      <sentence>RMR ドットサイト</sentence>
    </LocalizationSentence>
    <LocalizationSentence>
      <code>item_13005</code>
      <sentence>RMR ドットサイト</sentence>
    </LocalizationSentence>
    <LocalizationSentence>
      <code>item_13006</code>
      <sentence>Tango3 スコープ</sentence>
    </LocalizationSentence>
    <LocalizationSentence>
      <code>item_13007</code>
      <sentence>Knightforce SHV 4-14X スコープ</sentence>
    </LocalizationSentence>
    <LocalizationSentence>
      <code>item_13008</code>
      <sentence>M203 サイト</sentence>
    </LocalizationSentence>
    <LocalizationSentence>
      <code>item_13009</code>
      <sentence>QLG91 サイト</sentence>
    </LocalizationSentence>
    <LocalizationSentence>
      <code>item_13010</code>
      <sentence>Buis リアサイト</sentence>
    </LocalizationSentence>
    <LocalizationSentence>
      <code>item_13011</code>
      <sentence>HH416 リアサイト</sentence>
    </LocalizationSentence>
    <LocalizationSentence>
      <code>item_13012</code>
      <sentence>M79 サイト</sentence>
    </LocalizationSentence>
    <LocalizationSentence>
      <code>item_13013</code>
      <sentence>Specter スコープ</sentence>
    </LocalizationSentence>
    <LocalizationSentence>
      <code>item_13014</code>
      <sentence>Specter スコープ</sentence>
    </LocalizationSentence>
    <LocalizationSentence>
      <code>item_13015</code>
      <sentence>Ordnance スコープ</sentence>
    </LocalizationSentence>
    <LocalizationSentence>
      <code>item_13016</code>
      <sentence>Specter バックアップアイアンサイト</sentence>
    </LocalizationSentence>
    <LocalizationSentence>
      <code>item_13017</code>
      <sentence>PSO-1 スコープ</sentence>
    </LocalizationSentence>
    <LocalizationSentence>
      <code>item_13018</code>
      <sentence>PSO-1 アイカップ</sentence>
    </LocalizationSentence>
    <LocalizationSentence>
      <code>item_13019</code>
      <sentence>Wise リアサイト</sentence>
    </LocalizationSentence>
    <LocalizationSentence>
      <code>item_13020</code>
      <sentence>Wise フロントサイト</sentence>
    </LocalizationSentence>
    <LocalizationSentence>
      <code>item_13021</code>
      <sentence>1p87 スコープ</sentence>
    </LocalizationSentence>
    <LocalizationSentence>
      <code>item_13022</code>
      <sentence>Trijicon マグニファイア</sentence>
    </LocalizationSentence>
    <LocalizationSentence>
      <code>item_13251</code>
      <sentence>LA5C レーザー</sentence>
    </LocalizationSentence>
    <LocalizationSentence>
      <code>item_13252</code>
      <sentence>LA5C レーザー</sentence>
    </LocalizationSentence>
    <LocalizationSentence>
      <code>item_13253</code>
      <sentence>X300 フラッシュライト</sentence>
    </LocalizationSentence>
    <LocalizationSentence>
      <code>item_13254</code>
      <sentence>X300 フラッシュライト</sentence>
    </LocalizationSentence>
    <LocalizationSentence>
      <code>item_13255</code>
      <sentence>SBAL フラッシュライト</sentence>
    </LocalizationSentence>
    <LocalizationSentence>
      <code>item_13256</code>
      <sentence>SBAL フラッシュライト</sentence>
    </LocalizationSentence>
    <LocalizationSentence>
      <code>item_13257</code>
      <sentence>WML フラッシュライト</sentence>
    </LocalizationSentence>
    <LocalizationSentence>
      <code>item_13258</code>
      <sentence>WML フラッシュライト</sentence>
    </LocalizationSentence>
    <LocalizationSentence>
      <code>item_18001</code>
      <sentence>TAR21 バレル</sentence>
    </LocalizationSentence>
    <LocalizationSentence>
      <code>item_18002</code>
      <sentence>TAR21 ショートバレル</sentence>
    </LocalizationSentence>
    <LocalizationSentence>
      <code>item_18003</code>
      <sentence>メロン サイドレール</sentence>
    </LocalizationSentence>
    <LocalizationSentence>
      <code>item_13501</code>
      <sentence>M67 手榴弾</sentence>
    </LocalizationSentence>
    <LocalizationSentence>
      <code>item_13502</code>
      <sentence>M67 手榴弾</sentence>
    </LocalizationSentence>
    <LocalizationSentence>
      <code>item_13503</code>
      <sentence>RGD5 手榴弾</sentence>
    </LocalizationSentence>
    <LocalizationSentence>
      <code>item_13504</code>
      <sentence>金属探知機</sentence>
    </LocalizationSentence>
    <LocalizationSentence>
      <code>item_13505</code>
      <sentence>レンチ</sentence>
    </LocalizationSentence>
    <LocalizationSentence>
      <code>item_55001</code>
      <sentence>地雷（味方）</sentence>
    </LocalizationSentence>
    <LocalizationSentence>
      <code>item_55002</code>
      <sentence>地雷（敵）</sentence>
    </LocalizationSentence>
    <LocalizationSentence>
      <code>item_55003</code>
      <sentence>BM21爆弾（味方）</sentence>
    </LocalizationSentence>
    <LocalizationSentence>
      <code>item_55004</code>
      <sentence>対戦車地雷（味方）</sentence>
    </LocalizationSentence>
    <LocalizationSentence>
      <code>item_55005</code>
      <sentence>対戦車地雷（敵）</sentence>
    </LocalizationSentence>
    <LocalizationSentence>
      <code>item_55251</code>
      <sentence>仙乱地下通信パイプライン計画</sentence>
    </LocalizationSentence>
    <LocalizationSentence>
      <code>item_55252</code>
      <sentence>鈴仙の医療研究資料</sentence>
    </LocalizationSentence>
    <LocalizationSentence>
      <code>item_55253</code>
      <sentence>鍵1</sentence>
    </LocalizationSentence>
    <LocalizationSentence>
      <code>item_55254</code>
      <sentence>復興軍の箱の鍵</sentence>
    </LocalizationSentence>
    <LocalizationSentence>
      <code>item_55255</code>
      <sentence>フロッピーディスク1</sentence>
    </LocalizationSentence>
    <LocalizationSentence>
      <code>item_55256</code>
      <sentence>フロッピーディスク2</sentence>
    </LocalizationSentence>
    <LocalizationSentence>
      <code>item_55257</code>
      <sentence>フロッピーディスク3</sentence>
    </LocalizationSentence>
    <LocalizationSentence>
      <code>item_55258</code>
      <sentence>幻想郷ディナール</sentence>
    </LocalizationSentence>
    <LocalizationSentence>
      <code>item_55259</code>
      <sentence>スペル</sentence>
    </LocalizationSentence>
	  <LocalizationSentence>
		  <code>item_17</code>
		  <sentence>ボディスーツアーム</sentence>
	  </LocalizationSentence>
	  <LocalizationSentence>
		  <code>item_1271</code>
		  <sentence>青バニースーツ</sentence>
	  </LocalizationSentence>
	  <LocalizationSentence>
		  <code>item_1272</code>
		  <sentence>ラテックスボディスーツ</sentence>
	  </LocalizationSentence>
	  <LocalizationSentence>
		  <code>item_2021</code>
		  <sentence>青バニー耳</sentence>
	  </LocalizationSentence>
	  <LocalizationSentence>
		  <code>item_12526</code>
		  <sentence>.45ACP FMJ</sentence>
	  </LocalizationSentence>
	  <LocalizationSentence>
		  <code>item_12779</code>
		  <sentence>M1911</sentence>
	  </LocalizationSentence>
	  <LocalizationSentence>
		  <code>item_12780</code>
		  <sentence>MP9 Tan</sentence>
	  </LocalizationSentence>
	  <LocalizationSentence>
		  <code>item_12781</code>
		  <sentence>M95 Camo</sentence>
	  </LocalizationSentence>
	  <LocalizationSentence>
		  <code>item_12782</code>
		  <sentence>メロン・タン</sentence>
	  </LocalizationSentence>
	  <LocalizationSentence>
		  <code>item_18251</code>
		  <sentence>M1911 グリップ</sentence>
	  </LocalizationSentence>
	  <LocalizationSentence>
		  <code>item_18252</code>
		  <sentence>M1911 グリップ</sentence>
	  </LocalizationSentence>
	  <LocalizationSentence>
		  <code>item_18253</code>
		  <sentence>M1911 サイト</sentence>
	  </LocalizationSentence>
	  <LocalizationSentence>
		  <code>item_18254</code>
		  <sentence>M1911 ラバーグリップ</sentence>
	  </LocalizationSentence>
	  <LocalizationSentence>
		  <code>item_18255</code>
		  <sentence>M1911 ラバーグリップ</sentence>
	  </LocalizationSentence>
	  <LocalizationSentence>
		  <code>item_25028</code>
		  <sentence>M1911 マガジン</sentence>
	  </LocalizationSentence>
	  <LocalizationSentence>
		  <code>item_2752</code>
		  <sentence>グラヴィダ</sentence>
	  </LocalizationSentence>
	  <LocalizationSentence>
		  <code>item_12527</code>
		  <sentence>光線銃バッテリー</sentence>
	  </LocalizationSentence>
	  <LocalizationSentence>
		  <code>item_12528</code>
		  <sentence>光線銃高出力バッテリー</sentence>
	  </LocalizationSentence>
	  <LocalizationSentence>
		  <code>item_12783</code>
		  <sentence>82式光線銃</sentence>
	  </LocalizationSentence>
    <LocalizationSentence>
		  <code>item_1016</code>
		  <sentence>緑色のストッキング</sentence>
	  </LocalizationSentence>
	  <LocalizationSentence>
		  <code>item_1017</code>
		  <sentence>緑色のストッキング</sentence>
	  </LocalizationSentence>
	  <LocalizationSentence>
		  <code>item_1273</code>
		  <sentence>ロングセーター</sentence>
	  </LocalizationSentence>
	  <LocalizationSentence>
		  <code>item_1274</code>
		  <sentence>メイド服</sentence>
	  </LocalizationSentence>
	  <LocalizationSentence>
		  <code>item_1275</code>
		  <sentence>メイド服</sentence>
	  </LocalizationSentence>
	  <LocalizationSentence>
		  <code>item_2022</code>
		  <sentence>メイドヘアバンド</sentence>
	  </LocalizationSentence>
	  <LocalizationSentence>
		  <code>item_3003</code>
		  <sentence>M1A2 MBT</sentence>
	  </LocalizationSentence>
	  <LocalizationSentence>
		  <code>item_3004</code>
		  <sentence>T80 MBT</sentence>
	  </LocalizationSentence>
	  <LocalizationSentence>
		  <code>item_12529</code>
		  <sentence>戦車弾</sentence>
	  </LocalizationSentence>
	  <LocalizationSentence>
		  <code>item_13506</code>
		  <sentence>スペル</sentence>
	  </LocalizationSentence>
  </sentences>
</LocalizationDB>