﻿<?xml version="1.0" encoding="utf-8"?>
<LocalizationDB xmlns:xsd="http://www.w3.org/2001/XMLSchema" xmlns:xsi="http://www.w3.org/2001/XMLSchema-instance">
	<sentences>
		<LocalizationSentence>
		<code>item_fairy_enemy_0</code>
		<sentence>復興軍エンジニア1</sentence>
		</LocalizationSentence>
		<LocalizationSentence>
		<code>item_fairy_enemy_1</code>
		<sentence>復興軍ライフル兵1</sentence>
		</LocalizationSentence>
		<LocalizationSentence>
		<code>item_fairy_enemy_2</code>
		<sentence>復興軍ライフル兵2</sentence>
		</LocalizationSentence>
		<LocalizationSentence>
		<code>item_avs</code>
		<sentence>AVSベスト(OCP)</sentence>
		</LocalizationSentence>
		<LocalizationSentence>
		<code>item_avs_1</code>
		<sentence>AVSベスト(TAN)</sentence>
		</LocalizationSentence>
		<LocalizationSentence>
		<code>item_avs_2</code>
		<sentence>AVSベスト(RG)</sentence>
		</LocalizationSentence>
		<LocalizationSentence>
			<code>item_armor</code>
		<sentence>アーマープレート</sentence>
		</LocalizationSentence>
		<LocalizationSentence>
			<code>item_glasses_normal</code>
		<sentence>メガネ</sentence>
		</LocalizationSentence>
		<LocalizationSentence>
			<code>item_glasses_normal_1</code>
		<sentence>メガネ</sentence>
		</LocalizationSentence>
		<LocalizationSentence>
			<code>item_glasses_normal_2</code>
		<sentence>メガネ</sentence>
		</LocalizationSentence>
		<LocalizationSentence>
			<code>item_hair_band_bunny</code>
		<sentence>バニーヘアバンド</sentence>
		</LocalizationSentence>
		<LocalizationSentence>
			<code>item_hair_band_bunny_1</code>
		<sentence>バニーヘアバンド</sentence>
		</LocalizationSentence>
		<LocalizationSentence>
			<code>item_hair_band_bunny_2</code>
		<sentence>バニーヘアバンド</sentence>
		</LocalizationSentence>
		<LocalizationSentence>
			<code>item_dw5000</code>
		<sentence>Type5000電子時計</sentence>
		</LocalizationSentence>
		<LocalizationSentence>
			<code>item_seiki_padi</code>
		<sentence>セイキダイビングウォッチ</sentence>
		</LocalizationSentence>
		<LocalizationSentence>
			<code>item_female_top</code>
		<sentence>女性用トップス</sentence>
		</LocalizationSentence>
		<LocalizationSentence>
			<code>item_woman_sweater_open</code>
		<sentence>女子高生セーター</sentence>
		</LocalizationSentence>
		<LocalizationSentence>
			<code>item_woman_sweater_open_1</code>
		<sentence>女子高生セーター</sentence>
		</LocalizationSentence>
		<LocalizationSentence>
			<code>item_woman_sweater_open_2</code>
		<sentence>女子高生セーター</sentence>
		</LocalizationSentence>
		<LocalizationSentence>
			<code>item_woman_hoodedJacket</code>
		<sentence>フード付きジャケット(女性用)</sentence>
		</LocalizationSentence>
		<LocalizationSentence>
			<code>item_woman_hoodedJacket_1</code>
		<sentence>フード付きジャケット(女性用)</sentence>
		</LocalizationSentence>
		<LocalizationSentence>
			<code>item_woman_hoodedJacket_2</code>
		<sentence>フード付きジャケット(女性用)</sentence>
		</LocalizationSentence>
		<LocalizationSentence>
			<code>item_woman_acu_ucp</code>
		<sentence>ACUトップ(UCP)</sentence>
		</LocalizationSentence>
		<LocalizationSentence>
			<code>item_woman_acu_ocp</code>
		<sentence>ACUトップ(OCP)</sentence>
		</LocalizationSentence>
		<LocalizationSentence>
			<code>item_woman_short_skirt</code>
		<sentence>女子高生スカート</sentence>
		</LocalizationSentence>
		<LocalizationSentence>
			<code>item_woman_short_skirt_1</code>
		<sentence>女子高生スカート</sentence>
		</LocalizationSentence>
		<LocalizationSentence>
			<code>item_woman_short_skirt_2</code>
		<sentence>女子高生スカート</sentence>
		</LocalizationSentence>
		<LocalizationSentence>
			<code>item_pantyhose_black</code>
		<sentence>ナイロンパンティストッキング(黒)</sentence>
		</LocalizationSentence>
		<LocalizationSentence>
			<code>item_pantyhose_normal</code>
		<sentence>ナイロンパンティストッキング</sentence>
		</LocalizationSentence>
		<LocalizationSentence>
			<code>item_pantyhose_white</code>
		<sentence>ナイロンパンティストッキング(白)</sentence>
		</LocalizationSentence>
		<LocalizationSentence>
			<code>item_woman_jk_shoes</code>
		<sentence>女子高生シューズ</sentence>
		</LocalizationSentence>
		<LocalizationSentence>
			<code>item_woman_low_boots</code>
		<sentence>ローブーツ</sentence>
		</LocalizationSentence>
		<LocalizationSentence>
			<code>item_woman_low_boots_1</code>
		<sentence>ローブーツ</sentence>
		</LocalizationSentence>
		<LocalizationSentence>
			<code>item_woman_skateboard_shoes</code>
		<sentence>スケートボードシューズ(女性用)</sentence>
		</LocalizationSentence>
		<LocalizationSentence>
			<code>item_woman_skateboard_shoes_1</code>
		<sentence>スケートボードシューズ(女性用)</sentence>
		</LocalizationSentence>
		<LocalizationSentence>
			<code>item_woman_skateboard_shoes_2</code>
		<sentence>スケートボードシューズ(女性用)</sentence>
		</LocalizationSentence>
		<LocalizationSentence>
			<code>item_female_arm</code>
		<sentence>女性用アーム</sentence>
		</LocalizationSentence>
		<LocalizationSentence>
			<code>item_female_leg</code>
		<sentence>女性用レッグ</sentence>
		</LocalizationSentence>
		<LocalizationSentence>
			<code>item_5.8_dbp87</code>
		<sentence>5.8 DBP87</sentence>
		</LocalizationSentence>
		<LocalizationSentence>
			<code>item_5.56_m855</code>
		<sentence>5.56 M855</sentence>
		</LocalizationSentence>
		<LocalizationSentence>
			<code>item_5.56_m995</code>
		<sentence>5.56 M995</sentence>
		</LocalizationSentence>
		<LocalizationSentence>
			<code>item_7.62_m43</code>
		<sentence>7.62 M43</sentence>
		</LocalizationSentence>
		<LocalizationSentence>
			<code>item_7.62_bp</code>
		<sentence>7.62 BP</sentence>
		</LocalizationSentence>
		<LocalizationSentence>
			<code>item_9mmfmj</code>
		<sentence>9mmFMJ</sentence>
		</LocalizationSentence>
		<LocalizationSentence>
			<code>item_40mm_m406</code>
		<sentence>40mm M406</sentence>
		</LocalizationSentence>
		<LocalizationSentence>
			<code>item_40mm_heal</code>
		<sentence>ライゼン40mmヒール弾</sentence>
		</LocalizationSentence>
		<LocalizationSentence>
			<code>item_7.62_nato_m80</code>
		<sentence>7.62NATO M80</sentence>
		</LocalizationSentence>
		<LocalizationSentence>
			<code>item_7.62_nato_m993</code>
		<sentence>7.62NATO M993</sentence>
		</LocalizationSentence>
		<LocalizationSentence>
			<code>item_12ga_slug</code>
		<sentence>12gaスラッグ</sentence>
		</LocalizationSentence>
		<LocalizationSentence>
			<code>item_12ga_buck</code>
		<sentence>12gaバック</sentence>
		</LocalizationSentence>
		<LocalizationSentence>
			<code>item_galilace32</code>
		<sentence>ガリルエース32</sentence>
		</LocalizationSentence>
		<LocalizationSentence>
			<code>item_m4a1</code>
		<sentence>FN M4</sentence>
		</LocalizationSentence>
		<LocalizationSentence>
			<code>item_qbz95</code>
		<sentence>QBZ95</sentence>
		</LocalizationSentence>
		<LocalizationSentence>
			<code>item_fnhp</code>
		<sentence>FN HP</sentence>
		</LocalizationSentence>
		<LocalizationSentence>
			<code>item_m870</code>
		<sentence>M870</sentence>
		</LocalizationSentence>
		<LocalizationSentence>
			<code>item_m4</code>
		<sentence>M4</sentence>
		</LocalizationSentence>
		<LocalizationSentence>
			<code>item_hh417</code>
		<sentence>HH417</sentence>
		</LocalizationSentence>
		<LocalizationSentence>
			<code>item_g28</code>
		<sentence>G28</sentence>
		</LocalizationSentence>
		<LocalizationSentence>
			<code>item_m79</code>
		<sentence>M79</sentence>
		</LocalizationSentence>
		<LocalizationSentence>
			<code>item_m4_colt_upper</code>
		<sentence>M4アッパー</sentence>
		</LocalizationSentence>
		<LocalizationSentence>
			<code>item_m4_barrel_mid</code>
		<sentence>M4バレル</sentence>
		</LocalizationSentence>
		<LocalizationSentence>
			<code>item_m4_barrel_short</code>
		<sentence>MK18バレル</sentence>
		</LocalizationSentence>
		<LocalizationSentence>
			<code>item_m4_buffer_tube</code>
		<sentence>M4バッファーチューブ</sentence>
		</LocalizationSentence>
		<LocalizationSentence>
			<code>item_m4_charging_handle</code>
		<sentence>M4チャージングハンドル</sentence>
		</LocalizationSentence>
		<LocalizationSentence>
			<code>item_m4_ctr_stock</code>
		<sentence>CTRストック</sentence>
		</LocalizationSentence>
		<LocalizationSentence>
			<code>item_m4_ctr_stock_1</code>
		<sentence>CTRストック</sentence>
		</LocalizationSentence>
		<LocalizationSentence>
			<code>item_m4_ctr_stock_2</code>
		<sentence>CTRストック</sentence>
		</LocalizationSentence>
		<LocalizationSentence>
			<code>item_m4_navy_stock</code>
		<sentence>M4 NCSWストック</sentence>
		</LocalizationSentence>
		<LocalizationSentence>
			<code>item_m4_navy_stock_1</code>
		<sentence>M4 NCSWストック</sentence>
		</LocalizationSentence>
		<LocalizationSentence>
			<code>item_m4_gasport</code>
		<sentence>M16サイトガスポート</sentence>
		</LocalizationSentence>
		<LocalizationSentence>
			<code>item_m4_gasport_small</code>
		<sentence>AR15小型ガスポート</sentence>
		</LocalizationSentence>
		<LocalizationSentence>
			<code>item_m4_grip_normal</code>
		<sentence>M4グリップ</sentence>
		</LocalizationSentence>
		<LocalizationSentence>
			<code>item_m4_ris_ring</code>
		<sentence>Risハンドガードベース</sentence>
		</LocalizationSentence>
		<LocalizationSentence>
			<code>item_m4_ris_upper</code>
		<sentence>Risハンドガードアッパー</sentence>
		</LocalizationSentence>
		<LocalizationSentence>
			<code>item_m4_ris_lower</code>
		<sentence>Risハンドガードロワー</sentence>
		</LocalizationSentence>
		<LocalizationSentence>
			<code>item_m4_ris2_ring</code>
		<sentence>Ris2ハンドガードベース</sentence>
		</LocalizationSentence>
		<LocalizationSentence>
			<code>item_m4_ris2_ring_1</code>
		<sentence>Ris2ハンドガードベース</sentence>
		</LocalizationSentence>
		<LocalizationSentence>
			<code>item_m4_ris2_long_lower</code>
		<sentence>Ris2 12インチハンドガードロワー</sentence>
		</LocalizationSentence>
		<LocalizationSentence>
			<code>item_m4_ris2_long_lower_1</code>
		<sentence>Ris2 12インチハンドガードロワー</sentence>
		</LocalizationSentence>
		<LocalizationSentence>
			<code>item_m4_ris2_long_upper</code>
		<sentence>Ris2 12インチハンドガードアッパー</sentence>
		</LocalizationSentence>
		<LocalizationSentence>
			<code>item_m4_ris2_long_upper_1</code>
		<sentence>Ris2 12インチハンドガードアッパー</sentence>
		</LocalizationSentence>
		<LocalizationSentence>
			<code>item_m4_ris2_short_lower</code>
		<sentence>Ris2 9インチハンドガードロワー</sentence>
		</LocalizationSentence>
		<LocalizationSentence>
			<code>item_m4_ris2_short_lower_1</code>
		<sentence>Ris2 9インチハンドガードロワー</sentence>
		</LocalizationSentence>
		<LocalizationSentence>
			<code>item_m4_ris2_short_upper</code>
		<sentence>Ris2 9インチハンドガードアッパー</sentence>
		</LocalizationSentence>
		<LocalizationSentence>
			<code>item_m4_ris2_short_upper_1</code>
		<sentence>Ris2 9インチハンドガードアッパー</sentence>
		</LocalizationSentence>
		<LocalizationSentence>
			<code>item_m4_trigger</code>
		<sentence>M4トリガー</sentence>
		</LocalizationSentence>
		<LocalizationSentence>
			<code>item_m4_trigger_guard</code>
		<sentence>M4トリガーガード</sentence>
		</LocalizationSentence>
		<LocalizationSentence>
			<code>item_m4_m203</code>
		<sentence>M203</sentence>
		</LocalizationSentence>
		<LocalizationSentence>
			<code>item_ar15_3port</code>
		<sentence>AR15 3ポートマズル</sentence>
		</LocalizationSentence>
		<LocalizationSentence>
			<code>item_ar15_birdcage</code>
		<sentence>M16バードケージマズル</sentence>
		</LocalizationSentence>
		<LocalizationSentence>
			<code>item_ar15_soco4prong</code>
		<sentence>AR15ソコム4プロングマズル</sentence>
		</LocalizationSentence>
		<LocalizationSentence>
			<code>item_galil_ace_barrel</code>
		<sentence>ガリルACE32バレル</sentence>
		</LocalizationSentence>
		<LocalizationSentence>
			<code>item_galil_ace_short_barrel</code>
		<sentence>ガリルACE31バレル</sentence>
		</LocalizationSentence>
		<LocalizationSentence>
			<code>item_galil_ace_buffertube</code>
		<sentence>ガリルACEバッファーチューブ</sentence>
		</LocalizationSentence>
		<LocalizationSentence>
			<code>item_galil_ace_gastube</code>
		<sentence>ガリルACE32ガスチューブ</sentence>
		</LocalizationSentence>
		<LocalizationSentence>
			<code>item_galil_ace_gastube_short</code>
		<sentence>ガリルACE31ガスチューブ</sentence>
		</LocalizationSentence>
		<LocalizationSentence>
			<code>item_galil_ace_grip</code>
		<sentence>ガリルACEグリップ</sentence>
		</LocalizationSentence>
		<LocalizationSentence>
			<code>item_galil_ace_handguard</code>
		<sentence>ガリルACEハンドガード</sentence>
		</LocalizationSentence>
		<LocalizationSentence>
			<code>item_galil_ace_mi_handguard</code>
		<sentence>ガリルACE MIレールハンドガード</sentence>
		</LocalizationSentence>
		<LocalizationSentence>
			<code>item_galil_ace_rearsight</code>
		<sentence>ガリルACEリアサイト</sentence>
		</LocalizationSentence>
		<LocalizationSentence>
			<code>item_galil_ace_stock</code>
		<sentence>ガリルACEストック</sentence>
		</LocalizationSentence>
		<LocalizationSentence>
			<code>item_romeo5</code>
		<sentence>Romeo5レッドドットサイト</sentence>
		</LocalizationSentence>
		<LocalizationSentence>
			<code>item_exps3</code>
		<sentence>Exps3ホログラフィックサイト</sentence>
		</LocalizationSentence>
		<LocalizationSentence>
			<code>item_tango3</code>
		<sentence>Tango3スコープ</sentence>
		</LocalizationSentence>
		<LocalizationSentence>
			<code>item_m203_sight0</code>
		<sentence>M203サイト</sentence>
		</LocalizationSentence>
		<LocalizationSentence>
			<code>item_t1lowMount0</code>
		<sentence>T1レッドドットローマウント</sentence>
		</LocalizationSentence>
		<LocalizationSentence>
			<code>item_t1HighMount0</code>
		<sentence>T1レッドドットハイマウント</sentence>
		</LocalizationSentence>
		<LocalizationSentence>
			<code>item_arknig30mm</code>
		<sentence>Arknig 30mm スコープマウント</sentence>
		</LocalizationSentence>
		<LocalizationSentence>
			<code>item_m203sight_rail_mount</code>
		<sentence>M203 サイトレールマウント</sentence>
		</LocalizationSentence>
		<LocalizationSentence>
			<code>item_weaaer45</code>
		<sentence>Weaaer サイドレール</sentence>
		</LocalizationSentence>
		<LocalizationSentence>
			<code>item_acp95_rail</code>
		<sentence>Acp95 レール</sentence>
		</LocalizationSentence>
		<LocalizationSentence>
			<code>item_mlok_rail</code>
		<sentence>Mlok レール</sentence>
		</LocalizationSentence>
		<LocalizationSentence>
			<code>item_stander_4179mag</code>
		<sentence>Stander 4179 マガジン</sentence>
		</LocalizationSentence>
		<LocalizationSentence>
			<code>item_magpro_556_30rds</code>
		<sentence>Magpro 30発 マガジン</sentence>
		</LocalizationSentence>
		<LocalizationSentence>
			<code>item_magpro_556_30rds_1</code>
		<sentence>Magpro 30発 マガジン</sentence>
		</LocalizationSentence>
		<LocalizationSentence>
			<code>item_akm_30rds</code>
		<sentence>AKM 30発 マガジン</sentence>
		</LocalizationSentence>
		<LocalizationSentence>
			<code>item_rpk_45rds</code>
		<sentence>RPK 45発 マガジン</sentence>
		</LocalizationSentence>
		<LocalizationSentence>
			<code>item_qbz95_30rds</code>
		<sentence>QBZ95 30発 マガジン</sentence>
		</LocalizationSentence>
		<LocalizationSentence>
			<code>item_qjb95_75rds</code>
		<sentence>QJB95 75発 ドラムマガジン</sentence>
		</LocalizationSentence>
		<LocalizationSentence>
			<code>item_fnhp_15rds</code>
		<sentence>FN HP 15発 マガジン</sentence>
		</LocalizationSentence>
		<LocalizationSentence>
			<code>item_m870_6rds</code>
		<sentence>M870 6発 マガジン</sentence>
		</LocalizationSentence>
		<LocalizationSentence>
			<code>item_m870_4rds</code>
		<sentence>M870 4発 マガジン</sentence>
		</LocalizationSentence>
		<LocalizationSentence>
			<code>item_foregrip_tangodown</code>
		<sentence>Tangodown フォアグリップ</sentence>
		</LocalizationSentence>
		<LocalizationSentence>
			<code>item_foregrip_tangodown_1</code>
		<sentence>Tangodown フォアグリップ</sentence>
		</LocalizationSentence>
		<LocalizationSentence>
			<code>item_qbz95_barrel</code>
		<sentence>QBZ95 バレル</sentence>
		</LocalizationSentence>
		<LocalizationSentence>
			<code>item_qbz95_handle</code>
		<sentence>QBZ95 ハンドル</sentence>
		</LocalizationSentence>
		<LocalizationSentence>
			<code>item_qbz95_acp</code>
		<sentence>QBZ95 ACP</sentence>
		</LocalizationSentence>
		<LocalizationSentence>
			<code>item_qbz95_handguard</code>
		<sentence>QBZ95 ハンドガード</sentence>
		</LocalizationSentence>
		<LocalizationSentence>
			<code>item_qbz95_gasport</code>
		<sentence>QBZ95 ガスポート</sentence>
		</LocalizationSentence>
		<LocalizationSentence>
			<code>item_qlg91</code>
		<sentence>QLG91</sentence>
		</LocalizationSentence>
		<LocalizationSentence>
			<code>item_qbz95_muzzle</code>
		<sentence>QBZ95 マズル</sentence>
		</LocalizationSentence>
		<LocalizationSentence>
			<code>item_fnhp_barrel</code>
		<sentence>FN HP バレル</sentence>
		</LocalizationSentence>
		<LocalizationSentence>
			<code>item_fnhp_tac_barrel</code>
		<sentence>FN HP タクティカルバレル</sentence>
		</LocalizationSentence>
		<LocalizationSentence>
			<code>item_fnhp_wood_grip</code>
		<sentence>FN HP ウッドグリップ</sentence>
		</LocalizationSentence>
		<LocalizationSentence>
			<code>item_fnhp_grip</code>
		<sentence>FN HP グリップ</sentence>
		</LocalizationSentence>
		<LocalizationSentence>
			<code>item_fnhp_hpc_grip</code>
		<sentence>FN HP HPC グリップ</sentence>
		</LocalizationSentence>
		<LocalizationSentence>
			<code>item_fnhp_front_sight</code>
		<sentence>FN HP フロントサイト</sentence>
		</LocalizationSentence>
		<LocalizationSentence>
			<code>item_fnhp_rear_sight</code>
		<sentence>FN HP リアサイト</sentence>
		</LocalizationSentence>
		<LocalizationSentence>
			<code>item_m67</code>
		<sentence>M67 グレネード</sentence>
		</LocalizationSentence>
		<LocalizationSentence>
			<code>item_m870_barrel</code>
		<sentence>M870 バレル</sentence>
		</LocalizationSentence>
		<LocalizationSentence>
			<code>item_m870_short_barrel</code>
		<sentence>M870 ショートバレル</sentence>
		</LocalizationSentence>
		<LocalizationSentence>
			<code>item_m870_grip</code>
		<sentence>M870 グリップ</sentence>
		</LocalizationSentence>
		<LocalizationSentence>
			<code>item_m870_stock</code>
		<sentence>M870 ストック</sentence>
		</LocalizationSentence>
		<LocalizationSentence>
			<code>item_m870_top_rail</code>
		<sentence>M870 トップレール</sentence>
		</LocalizationSentence>
		<LocalizationSentence>
			<code>item_m870_handguard</code>
		<sentence>M870 ハンドガード</sentence>
		</LocalizationSentence>
		<LocalizationSentence>
			<code>item_la5c</code>
		<sentence>La5c レーザー</sentence>
		</LocalizationSentence>
		<LocalizationSentence>
			<code>item_la5c_1</code>
		<sentence>La5c レーザー</sentence>
		</LocalizationSentence>
		<LocalizationSentence>
			<code>item_tengu_friendly_0</code>
		<sentence>天狗民兵 1</sentence>
		</LocalizationSentence>
		<LocalizationSentence>
			<code>item_tengu_friendly_1</code>
		<sentence>天狗民兵 2</sentence>
		</LocalizationSentence>
		<LocalizationSentence>    
			<code>item_kappa_friendly_0</code>    
			<sentence>河童民兵 1</sentence>  
		</LocalizationSentence>  
		<LocalizationSentence>    
			<code>item_56pack</code>    
			<sentence>Type56 チェストリグ</sentence>  
		</LocalizationSentence>  
		<LocalizationSentence>    
			<code>item_mk3_chest_rig</code>    
			<sentence>Mk3 チェストリグ</sentence>  
		</LocalizationSentence>  
		<LocalizationSentence>    
			<code>item_mk3_chest_rig_1</code>    
			<sentence>Mk3 チェストリグ</sentence>  
		</LocalizationSentence>  
		<LocalizationSentence>    
			<code>item_mk3_chest_rig_2</code>    
			<sentence>Mk3 チェストリグ</sentence>  
		</LocalizationSentence>  
		<LocalizationSentence>    
			<code>item_mfh_gloves</code>    
			<sentence>MFF グローブ</sentence>  
		</LocalizationSentence>  
		<LocalizationSentence>    
			<code>item_mfh_gloves_1</code>    
			<sentence>MFF グローブ</sentence>  
		</LocalizationSentence>  
		<LocalizationSentence>    
			<code>item_hair_band</code>    
			<sentence>アリスヘアバンド</sentence>  
		</LocalizationSentence>  
		<LocalizationSentence>    
			<code>item_hair_band_1</code>    
			<sentence>アリスヘアバンド</sentence>  
		</LocalizationSentence>  
		<LocalizationSentence>    
			<code>item_hair_band_2</code>    
			<sentence>アリスヘアバンド</sentence>  
		</LocalizationSentence>  
		<LocalizationSentence>    
			<code>item_camtac_headset</code>    
			<sentence>Comtac ヘッドセット</sentence>  
		</LocalizationSentence>  
		<LocalizationSentence>    
			<code>item_camtac_headset_1</code>    
			<sentence>Comtac ヘッドセット</sentence>  
		</LocalizationSentence>  
		<LocalizationSentence>    
			<code>item_tengu_hat_0</code>    
			<sentence>天狗帽子</sentence>  
		</LocalizationSentence>  
		<LocalizationSentence>    
			<code>item_tengu_hat_1</code>    
			<sentence>天狗帽子</sentence>  
		</LocalizationSentence>  
		<LocalizationSentence>    
			<code>item_kappa_hat_0</code>    
			<sentence>河童帽子</sentence>  
		</LocalizationSentence>  
		<LocalizationSentence>    
			<code>item_kappa_hat_1</code>    
			<sentence>河童帽子</sentence>  
		</LocalizationSentence>  
		<LocalizationSentence>    
			<code>item_mob_cap</code>    
			<sentence>モブキャップ</sentence>  
		</LocalizationSentence>  
		<LocalizationSentence>    
			<code>item_mob_cap_1</code>    
			<sentence>モブキャップ(OCP)</sentence>  
		</LocalizationSentence>  
		<LocalizationSentence>    
			<code>item_luna_hat</code>    
			<sentence>ペインターハット</sentence>  
		</LocalizationSentence>  
		<LocalizationSentence>    
			<code>item_woman_hoodedjacket</code>    
			<sentence>フーデッドジャケット</sentence>  
		</LocalizationSentence>  
		<LocalizationSentence>    
			<code>item_woman_hoodedjacket_1</code>    
			<sentence>フーデッドジャケット</sentence>  
		</LocalizationSentence>  
		<LocalizationSentence>    
			<code>item_woman_hoodedjacket_2</code>    
			<sentence>フーデッドジャケット</sentence>  
		</LocalizationSentence>  
		<LocalizationSentence>    
			<code>item_woman_magicians</code>    
			<sentence>魔法使いのトップス</sentence>  
		</LocalizationSentence>  
		<LocalizationSentence>    
			<code>item_woman_suit</code>    
			<sentence>ビジネススーツトップ</sentence>  
		</LocalizationSentence>  
		<LocalizationSentence>    
			<code>item_woman_sailor</code>    
			<sentence>セーラー服</sentence>  
		</LocalizationSentence>  
		<LocalizationSentence>    
			<code>item_woman_sailor_1</code>    
			<sentence>セーラー服</sentence>  
		</LocalizationSentence>  
		<LocalizationSentence>    
			<code>item_woman_short_skirt_3</code>    
			<sentence>ショートスカート</sentence>  
		</LocalizationSentence>  
		<LocalizationSentence>    
			<code>item_woman_suit_skirt</code>    
			<sentence>ビジネススーツスカート</sentence>  
		</LocalizationSentence>  
		<LocalizationSentence>    
			<code>item_woman_hot_pants</code>    
			<sentence>ホットパンツ</sentence>  
		</LocalizationSentence>  
		<LocalizationSentence>    
			<code>item_woman_jk_shoes_1</code>    
			<sentence>JK シューズ</sentence>  
		</LocalizationSentence>  
		<LocalizationSentence>    
			<code>item_woman_lowa_boots</code>    
			<sentence>LOVA ブーツ</sentence>  
		</LocalizationSentence>  
		<LocalizationSentence>    
			<code>item_woman_lowa_boots_1</code>    
			<sentence>LOVA ブーツ</sentence>  
		</LocalizationSentence>  
		<LocalizationSentence>    
			<code>item_ar15_raptor_charging_handle</code>    
			<sentence>AR15 ラプターチャージングハンドル</sentence>  
		</LocalizationSentence>  
		<LocalizationSentence>    
			<code>item_ar15_raptor_charging_handle_1</code>    
			<sentence>AR15 ラプターチャージングハンドル</sentence>  
		</LocalizationSentence>  
		<LocalizationSentence>    
			<code>item_m4_stock</code>    
			<sentence>M4 ストック</sentence>  
		</LocalizationSentence>  
		<LocalizationSentence>    
			<code>item_ar15_moe_grip</code>    
			<sentence>AR15 MOE グリップ</sentence>  
		</LocalizationSentence>  
		<LocalizationSentence>    
			<code>item_ar15_moe_grip_1</code>    
			<sentence>AR15 MOE グリップ</sentence>  
		</LocalizationSentence>  
		<LocalizationSentence>    
			<code>item_hh416_grip</code>    
			<sentence>HH416 グリップ</sentence>  
		</LocalizationSentence>  
		<LocalizationSentence>    
			<code>item_hh416_grip_1</code>    
			<sentence>HH416 グリップ</sentence>  
		</LocalizationSentence>  
		<LocalizationSentence>    
			<code>item_ar15_precision_trigger_guard</code>    
			<sentence>AR15 プレシジョントリガーガード</sentence>  
		</LocalizationSentence>  
		<LocalizationSentence>    
			<code>item_ar15_precision_trigger_guard_1</code>    
			<sentence>AR15 プレシジョントリガーガード</sentence>  
		</LocalizationSentence>  
		<LocalizationSentence>    
			<code>item_galil_ace_stock_attachment</code>    
			<sentence>GalilAce チークレスト</sentence>  
		</LocalizationSentence>  
		<LocalizationSentence>    
			<code>item_exps3_1</code>    
			<sentence>EXPS3 ホログラフィックサイト</sentence>  
		</LocalizationSentence>  
		<LocalizationSentence>    
			<code>item_qlg91_sight</code>    
			<sentence>QLG91 サイト</sentence>  
		</LocalizationSentence>  
		<LocalizationSentence>    
			<code>item_kac600_rear_sight</code>    
			<sentence>KAC600 リアサイト</sentence>  
		</LocalizationSentence>  
		<LocalizationSentence>    
			<code>item_kac300_front_sight</code>    
			<sentence>KAC300 フロントサイト</sentence>  
		</LocalizationSentence>  
		<LocalizationSentence>    
			<code>item_m79_sight</code>    
			<sentence>M79 サイト</sentence>  
		</LocalizationSentence>  
		<LocalizationSentence>    
			<code>item_hh416_rear_sight</code>    
			<sentence>HH416 リアサイト</sentence>  
		</LocalizationSentence>  
		<LocalizationSentence>    
			<code>item_t1_low_mount_0</code>    
			<sentence>T1 ローマウント</sentence>  
		</LocalizationSentence>  
		<LocalizationSentence>    
			<code>item_t1_high_mount_0</code>    
			<sentence>T1 ハイマウント</sentence>  
		</LocalizationSentence>  
		<LocalizationSentence>    
			<code>item_magpro_556_40rds</code>    
			<sentence>Magpro 556 40発 マガジン</sentence>  
		</LocalizationSentence>  
		<LocalizationSentence>    
			<code>item_magpro_556_40rds_1</code>    
			<sentence>Magpro 556 40発 マガジン</sentence>  
		</LocalizationSentence>  
		<LocalizationSentence>    
			<code>item_hh417_mag</code>    
			<sentence>HH417 20発 マガジン</sentence>  
		</LocalizationSentence>  
		<LocalizationSentence>    
			<code>item_g28_handguard</code>    
			<sentence>G28 ハンドガード</sentence>  
		</LocalizationSentence>  
		<LocalizationSentence>    
			<code>item_hh417_handguard</code>    
			<sentence>HH417 ハンドガード</sentence>  
		</LocalizationSentence>  
		<LocalizationSentence>    
			<code>item_g28_stock</code>    
			<sentence>G28 ストック</sentence>  
		</LocalizationSentence>  
		<LocalizationSentence>    
			<code>item_hh417_stock</code>    
			<sentence>HH417 ストック</sentence>  
		</LocalizationSentence>  
		<LocalizationSentence>    
			<code>item_hh417_13inch_barrel</code>    
			<sentence>HH417 13インチバレル</sentence>  
		</LocalizationSentence>  
		<LocalizationSentence>    
			<code>item_hh417_20inch_barrel</code>    
			<sentence>HH417 20インチバレル</sentence>  
		</LocalizationSentence>  
		<LocalizationSentence>    
			<code>item_hh417_muzzle</code>    
			<sentence>HH417 マズル</sentence>  
		</LocalizationSentence>  
		<LocalizationSentence>    
			<code>item_metal_detector</code>    
			<sentence>金属探知機</sentence>  
		</LocalizationSentence>  
		<LocalizationSentence>    
			<code>item_wrench</code>    
			<sentence>レンチ</sentence>  
		</LocalizationSentence>  
		<LocalizationSentence>    
			<code>item_mission_item_file_0</code>    
			<sentence>仙蘭地下通信パイプライン計画</sentence>  
		</LocalizationSentence>  
		<LocalizationSentence>    
			<code>item_mission_item_file_1</code>    
			<sentence>鈴仙の医療研究資料</sentence>  
		</LocalizationSentence>  
		<LocalizationSentence>    
			<code>item_mission_item_key_0</code>    
			<sentence>復興軍の箱の鍵</sentence>  
		</LocalizationSentence>  
		<LocalizationSentence>    
			<code>item_reisen_gun</code>    
			<sentence>鈴仙の銃</sentence>  
		</LocalizationSentence>  
		<LocalizationSentence>    
			<code>item_tengu_friendly_2</code>    
			<sentence>天狗民兵 3</sentence>  
		</LocalizationSentence>  
		<LocalizationSentence>    
			<code>item_kappa_friendly_1</code>    
			<sentence>河童民兵 2</sentence>  
		</LocalizationSentence>  
		<LocalizationSentence>    
			<code>item_defender2</code>    
			<sentence>Defender2</sentence>  
		</LocalizationSentence>  
		<LocalizationSentence>    
			<code>item_defender2_1</code>    
			<sentence>Defender2</sentence>  
		</LocalizationSentence>  
		<LocalizationSentence>    
			<code>item_defender2_2</code>    
			<sentence>Defender2</sentence>  
		</LocalizationSentence>  
		<LocalizationSentence>    
			<code>item_okl_gloves</code>    
			<sentence>Ogl グローブ</sentence>  
		</LocalizationSentence>  
		<LocalizationSentence>    
			<code>item_okl_gloves_1</code>    
			<sentence>Ogl グローブ</sentence>  
		</LocalizationSentence>  
		<LocalizationSentence>    
			<code>item_face_mask_0</code>    
			<sentence>フェイスマスク</sentence>  
		</LocalizationSentence>  
		<LocalizationSentence>    
			<code>item_hat_bow</code>    
			<sentence>ヘアボウ</sentence>  
		</LocalizationSentence>  
		<LocalizationSentence>    
			<code>item_woman_hoodie</code>    
			<sentence>フーディー</sentence>  
		</LocalizationSentence>
		<LocalizationSentence>    
			<code>item_woman_hoodie_1</code>    
			<sentence>フーディー</sentence>  
		</LocalizationSentence>  
		<LocalizationSentence>    
			<code>item_woman_hoodie_2</code>    
			<sentence>フーディー</sentence>  
		</LocalizationSentence>  
		<LocalizationSentence>    
			<code>item_woman_hoodie_3</code>    
			<sentence>フーディー</sentence>  
		</LocalizationSentence>  
		<LocalizationSentence>    
			<code>item_woman_magicians_1</code>    
			<sentence>魔法使いのトップス</sentence>  
		</LocalizationSentence>  
		<LocalizationSentence>    
			<code>item_woman_kimono</code>    
			<sentence>天狗の着物</sentence>  
		</LocalizationSentence>  
		<LocalizationSentence>    
			<code>item_woman_kimono_1</code>    
			<sentence>天狗の着物</sentence>  
		</LocalizationSentence>  
		<LocalizationSentence>    
			<code>item_woman_shorts</code>    
			<sentence>ショーツ</sentence>  
		</LocalizationSentence>  
		<LocalizationSentence>    
			<code>item_stocking_black</code>    
			<sentence>ナイロンストッキング(黒)</sentence>  
		</LocalizationSentence>  
		<LocalizationSentence>    
			<code>item_stocking_normal</code>    
			<sentence>ナイロンストッキング</sentence>  
		</LocalizationSentence>  
		<LocalizationSentence>    
			<code>item_stocking_white</code>    
			<sentence>ナイロンストッキング(白)</sentence>  
		</LocalizationSentence>  
		<LocalizationSentence>    
			<code>item_woman_rubber_boots</code>    
			<sentence>ラバーブーツ</sentence>  
		</LocalizationSentence>  
		<LocalizationSentence>    
			<code>item_woman_rubber_boots_1</code>    
			<sentence>ラバーブーツ</sentence>  
		</LocalizationSentence>  
		<LocalizationSentence>    
			<code>item_woman_clog</code>    
			<sentence>クロッグ</sentence>  
		</LocalizationSentence>  
		<LocalizationSentence>    
			<code>item_vehicle_ammo_chain_gun</code>    
			<sentence>車両用チェーンガン弾薬</sentence>  
		</LocalizationSentence>  
		<LocalizationSentence>    
			<code>item_5.45_ps</code>    
			<sentence>5.45 ps</sentence>  
		</LocalizationSentence>  
		<LocalizationSentence>    
			<code>item_5.45_7n39</code>    
			<sentence>5.45 7n39</sentence>  
		</LocalizationSentence>  
		<LocalizationSentence>    
			<code>item_vog25</code>    
			<sentence>Vog25</sentence>  
		</LocalizationSentence>  
		<LocalizationSentence>    
			<code>item_7.62_54_lps</code>    
			<sentence>7.62*54 lps</sentence>  
		</LocalizationSentence>  
		<LocalizationSentence>    
			<code>item_at4_round</code>    
			<sentence>At4 ラウンド</sentence>  
		</LocalizationSentence>  
		<LocalizationSentence>    
			<code>item_rpg26_round</code>    
			<sentence>Rpg26 ラウンド</sentence>  
		</LocalizationSentence>  
		<LocalizationSentence>    
			<code>item_ak74</code>    
			<sentence>AK74</sentence>  
		</LocalizationSentence>  
		<LocalizationSentence>    
			<code>item_ak103</code>    
			<sentence>AK103</sentence>  
		</LocalizationSentence>  
		<LocalizationSentence>    
			<code>item_qbz97</code>    
			<sentence>QBZ97</sentence>  
		</LocalizationSentence>  
		<LocalizationSentence>    
			<code>item_m18</code>    
			<sentence>M18</sentence>  
		</LocalizationSentence>  
		<LocalizationSentence>    
			<code>item_pkm</code>    
			<sentence>PKM</sentence>  
		</LocalizationSentence>  
		<LocalizationSentence>    
			<code>item_m240</code>    
			<sentence>M240</sentence>  
		</LocalizationSentence>  
		<LocalizationSentence>    
			<code>item_at4</code>    
			<sentence>AT4</sentence>  
		</LocalizationSentence>  
		<LocalizationSentence>    
			<code>item_rpg26</code>    
			<sentence>RPG26</sentence>  
		</LocalizationSentence>  
		<LocalizationSentence>    
			<code>item_btr80</code>    
			<sentence>BTR80 APC</sentence>  
		</LocalizationSentence>  
		<LocalizationSentence>    
			<code>item_btr80_1</code>    
			<sentence>BTR80 APC</sentence>  
		</LocalizationSentence>  
		<LocalizationSentence>    
			<code>item_rzr</code>    
			<sentence>RZ ATV</sentence>  
		</LocalizationSentence>  
		<LocalizationSentence>    
			<code>item_rzr_1</code>    
			<sentence>RZ ATV</sentence>  
		</LocalizationSentence>  
		<LocalizationSentence>    
			<code>item_zpu1</code>    
			<sentence>ZPU1 AA ガン</sentence>  
		</LocalizationSentence>  
		<LocalizationSentence>    
			<code>item_m1126</code>    
			<sentence>M1126 APC</sentence>  
		</LocalizationSentence>  
		<LocalizationSentence>    
			<code>item_galil_ace_kns_grip</code>    
			<sentence>Galil ace kns グリップ</sentence>  
		</LocalizationSentence>  
		<LocalizationSentence>    
			<code>item_galil_ace_kns_grip_1</code>    
			<sentence>Galil ace kns グリップ</sentence>  
		</LocalizationSentence>  
		<LocalizationSentence>    
			<code>item_knightfoce_shv</code>    
			<sentence>Knightfoce SHV 4-14X スコープ</sentence>  
		</LocalizationSentence>  
		<LocalizationSentence>    
			<code>item_elcan_specter</code>    
			<sentence>Specter スコープ</sentence>  
		</LocalizationSentence>  
		<LocalizationSentence>    
			<code>item_elcan_specter_1</code>    
			<sentence>Specter スコープ</sentence>  
		</LocalizationSentence>  
		<LocalizationSentence>    
			<code>item_elcan_specter_sight</code>    
			<sentence>Specter バックアップアイアンサイト</sentence>  
		</LocalizationSentence>  
		<LocalizationSentence>    
			<code>item_elcan_specter_rail_0</code>    
			<sentence>Specter バックアップサイトレール</sentence>  
		</LocalizationSentence>  
		<LocalizationSentence>    
			<code>item_rail_fab</code>    
			<sentence>FAB ハンドガード用レール</sentence>  
		</LocalizationSentence>  
		<LocalizationSentence>    
			<code>item_ak74_30rds</code>    
			<sentence>AK74 30発 マガジン</sentence>  
		</LocalizationSentence>  
		<LocalizationSentence>    
			<code>item_rpk74_45rds</code>    
			<sentence>RPK74 45発 マガジン</sentence>  
		</LocalizationSentence>  
		<LocalizationSentence>    
			<code>item_pkm_ammo_box_100rds</code>    
			<sentence>PKM 100発 弾薬箱</sentence>  
		</LocalizationSentence>  
		<LocalizationSentence>    
			<code>item_p320_17rds</code>    
			<sentence>P320 17発 マガジン</sentence>  
		</LocalizationSentence>  
		<LocalizationSentence>    
			<code>item_p320_21rds</code>    
			<sentence>P320 21発 マガジン</sentence>  
		</LocalizationSentence>  
		<LocalizationSentence>    
			<code>item_fn_mag_50rds</code>    
			<sentence>FN MAG 50発 弾薬箱</sentence>  
		</LocalizationSentence>  
		<LocalizationSentence>    
			<code>item_qbz97_barrel</code>    
			<sentence>QBZ97 バレル</sentence>  
		</LocalizationSentence>  
		<LocalizationSentence>    
			<code>item_qbz95_long_bow</code>    
			<sentence>QBZ95 ロングボウ</sentence>  
		</LocalizationSentence>  
		<LocalizationSentence>    
			<code>item_qbz95_long_bow_1</code>    
			<sentence>QBZ95 ロングボウ</sentence>  
		</LocalizationSentence>  
		<LocalizationSentence>    
			<code>item_qbz97_handguard</code>    
			<sentence>QBZ97 ハンドガード</sentence>  
		</LocalizationSentence>  
		<LocalizationSentence>    
			<code>item_qbz_lhg</code>    
			<sentence>QBZ97 LHG ハンドガード</sentence>  
		</LocalizationSentence>  
		<LocalizationSentence>    
			<code>item_qbz97_gasport</code>    
			<sentence>QBZ97 ガスポート</sentence>  
		</LocalizationSentence>  
		<LocalizationSentence>    
			<code>item_ak74_barrel</code>    
			<sentence>AK74 バレル</sentence>  
		</LocalizationSentence>  
		<LocalizationSentence>    
			<code>item_ak105_barrel</code>    
			<sentence>AK105 バレル</sentence>  
		</LocalizationSentence>  
		<LocalizationSentence>    
			<code>item_ak103_barrel</code>    
			<sentence>AK103 バレル</sentence>  
		</LocalizationSentence>  
		<LocalizationSentence>    
			<code>item_ak104_barrel</code>    
			<sentence>AK104 バレル</sentence>  
		</LocalizationSentence>  
		<LocalizationSentence>    
			<code>item_ak74_muzzle</code>    
			<sentence>AK74 マズル</sentence>  
		</LocalizationSentence>  
		<LocalizationSentence>    
			<code>item_ak105_muzzle</code>    
			<sentence>AK105 マズル</sentence>  
		</LocalizationSentence>
		<LocalizationSentence>    
			<code>item_dtk1</code>    
			<sentence>DTK1 マズル</sentence>  
		</LocalizationSentence>  
		<LocalizationSentence>    
			<code>item_ak74m_dust_cover</code>    
			<sentence>AK74m ダストカバー</sentence>  
		</LocalizationSentence>  
		<LocalizationSentence>    
			<code>item_b33</code>    
			<sentence>B33 レールダストカバー</sentence>  
		</LocalizationSentence>  
		<LocalizationSentence>    
			<code>item_b33_1</code>    
			<sentence>B33 レールダストカバー</sentence>  
		</LocalizationSentence>  
		<LocalizationSentence>    
			<code>item_ak74_gas_tube</code>    
			<sentence>AK74 ガスチューブ</sentence>  
		</LocalizationSentence>  
		<LocalizationSentence>    
			<code>item_ak74m_stock</code>    
			<sentence>AK74m ストック</sentence>  
		</LocalizationSentence>  
		<LocalizationSentence>    
			<code>item_pt1_base</code>    
			<sentence>PT1 ストックベース</sentence>  
		</LocalizationSentence>  
		<LocalizationSentence>    
			<code>item_pt1_base_1</code>    
			<sentence>PT1 ストックベース</sentence>  
		</LocalizationSentence>  
		<LocalizationSentence>    
			<code>item_pt1_stock</code>    
			<sentence>PT1 ストック</sentence>  
		</LocalizationSentence>  
		<LocalizationSentence>    
			<code>item_pt1_stock_1</code>    
			<sentence>PT1 ストック</sentence>  
		</LocalizationSentence>  
		<LocalizationSentence>    
			<code>item_ak_tube_adapter</code>    
			<sentence>AK AR15 バッファーチューブアダプター</sentence>  
		</LocalizationSentence>  
		<LocalizationSentence>    
			<code>item_ak74m_lower_handguard</code>    
			<sentence>AK74M ロアハンドガード</sentence>  
		</LocalizationSentence>  
		<LocalizationSentence>    
			<code>item_ak_fab_lower_handguard</code>    
			<sentence>AK FAB ロアハンドガード</sentence>  
		</LocalizationSentence>  
		<LocalizationSentence>    
			<code>item_ak_fab_lower_handguard_1</code>    
			<sentence>AK FAB ロアハンドガード</sentence>  
		</LocalizationSentence>  
		<LocalizationSentence>    
			<code>item_ak_tdi_lower_handguard</code>    
			<sentence>AK TDI ロアハンドガード</sentence>  
		</LocalizationSentence>  
		<LocalizationSentence>    
			<code>item_ak_tdi_lower_handguard_1</code>    
			<sentence>AK TDI ロアハンドガード</sentence>  
		</LocalizationSentence>  
		<LocalizationSentence>    
			<code>item_b10u</code>    
			<sentence>AK B10U ロアハンドガード</sentence>  
		</LocalizationSentence>  
		<LocalizationSentence>    
			<code>item_b10u_1</code>    
			<sentence>AK B10U ロアハンドガード</sentence>  
		</LocalizationSentence>  
		<LocalizationSentence>    
			<code>item_ak74m_upper_handguard</code>    
			<sentence>AK74m アッパーハンドガード</sentence>  
		</LocalizationSentence>  
		<LocalizationSentence>    
			<code>item_ak_fab_upper_handguard</code>    
			<sentence>AK FAB アッパーハンドガード</sentence>  
		</LocalizationSentence>  
		<LocalizationSentence>    
			<code>item_ak_fab_upper_handguard_1</code>    
			<sentence>AK FAB アッパーハンドガード</sentence>  
		</LocalizationSentence>  
		<LocalizationSentence>    
			<code>item_ak_tdi_upper_handguard</code>    
			<sentence>AK TDI アッパーハンドガード</sentence>  
		</LocalizationSentence>  
		<LocalizationSentence>    
			<code>item_ak_tdi_upper_handguard_1</code>    
			<sentence>AK TDI アッパーハンドガード</sentence>  
		</LocalizationSentence>  
		<LocalizationSentence>    
			<code>item_b19</code>    
			<sentence>AK B19 アッパーハンドガード</sentence>  
		</LocalizationSentence>  
		<LocalizationSentence>    
			<code>item_b19_1</code>    
			<sentence>AK B19 アッパーハンドガード</sentence>  
		</LocalizationSentence>  
		<LocalizationSentence>    
			<code>item_ak_dove_tail</code>    
			<sentence>AK ドブテールレール</sentence>  
		</LocalizationSentence>  
		<LocalizationSentence>    
			<code>item_ak_mi_sight_rail</code>    
			<sentence>AK WI サイトレール</sentence>  
		</LocalizationSentence>  
		<LocalizationSentence>    
			<code>item_ak_grip</code>    
			<sentence>AK74m グリップ</sentence>  
		</LocalizationSentence>  
		<LocalizationSentence>    
			<code>item_rk3</code>    
			<sentence>AK RK3 グリップ</sentence>  
		</LocalizationSentence>  
		<LocalizationSentence>    
			<code>item_rk3_1</code>    
			<sentence>AK RK3 グリップ</sentence>  
		</LocalizationSentence>  
		<LocalizationSentence>    
			<code>item_ak12_grip</code>    
			<sentence>AK12 グリップ</sentence>  
		</LocalizationSentence>  
		<LocalizationSentence>    
			<code>item_ak_sight</code>    
			<sentence>AK アイアンサイト</sentence>  
		</LocalizationSentence>  
		<LocalizationSentence>    
			<code>item_gp25</code>    
			<sentence>GP25</sentence>  
		</LocalizationSentence>  
		<LocalizationSentence>    
			<code>item_pkm_barrel</code>    
			<sentence>PKM バレル</sentence>  
		</LocalizationSentence>  
		<LocalizationSentence>    
			<code>item_pkm_muzzle</code>    
			<sentence>PKM マズル</sentence>  
		</LocalizationSentence>  
		<LocalizationSentence>    
			<code>item_pkm_sight</code>    
			<sentence>PKM アイアンサイト</sentence>  
		</LocalizationSentence>  
		<LocalizationSentence>    
			<code>item_pkm_sight_1</code>    
			<sentence>PKM アイアンサイト</sentence>  
		</LocalizationSentence>  
		<LocalizationSentence>    
			<code>item_pkm_grip</code>    
			<sentence>PKM グリップ</sentence>  
		</LocalizationSentence>  
		<LocalizationSentence>    
			<code>item_pkm_grip_1</code>    
			<sentence>PKM グリップ</sentence>  
		</LocalizationSentence>  
		<LocalizationSentence>    
			<code>item_pkm_stock</code>    
			<sentence>PKM ストック</sentence>  
		</LocalizationSentence>  
		<LocalizationSentence>    
			<code>item_pkp_stock</code>    
			<sentence>PKP ストック</sentence>  
		</LocalizationSentence>  
		<LocalizationSentence>    
			<code>item_dtk1p</code>    
			<sentence>DTK1p PKM マズル</sentence>  
		</LocalizationSentence>  
		<LocalizationSentence>    
			<code>item_b51</code>    
			<sentence>B51 サイトレール</sentence>  
		</LocalizationSentence>  
		<LocalizationSentence>    
			<code>item_b51_1</code>    
			<sentence>B51 サイトレール</sentence>  
		</LocalizationSentence>  
		<LocalizationSentence>    
			<code>item_b50</code>    
			<sentence>B50 ハンドガード</sentence>  
		</LocalizationSentence>  
		<LocalizationSentence>    
			<code>item_b50_rail_0</code>    
			<sentence>B50 ハンドガードトップレール</sentence>  
		</LocalizationSentence>  
		<LocalizationSentence>    
			<code>item_fnhp_hpc_grip_1</code>    
			<sentence>FNHP HPC グリップ</sentence>  
		</LocalizationSentence>  
		<LocalizationSentence>    
			<code>item_fnhp_tricon_sight</code>    
			<sentence>FNHP トリコンサイト</sentence>  
		</LocalizationSentence>  
		<LocalizationSentence>    
			<code>item_cirno_grenade</code>    
			<sentence>チルノグレネード</sentence>  
		</LocalizationSentence>  
		<LocalizationSentence>    
			<code>item_rgd5</code>    
			<sentence>RGD5 グレネード</sentence>  
		</LocalizationSentence>  
		<LocalizationSentence>    
			<code>item_m18_sight</code>    
			<sentence>M18 サイト</sentence>  
		</LocalizationSentence>  
		<LocalizationSentence>    
			<code>item_m240_barrel</code>    
			<sentence>M240 バレル</sentence>  
		</LocalizationSentence>  
		<LocalizationSentence>    
			<code>item_m240b_cap</code>    
			<sentence>M240b キャップ</sentence>  
		</LocalizationSentence>  
		<LocalizationSentence>    
			<code>item_m240b_stock</code>    
			<sentence>M240b ストック</sentence>  
		</LocalizationSentence>  
		<LocalizationSentence>    
			<code>item_m240b_barrel_cover</code>    
			<sentence>M240b バレルカバー</sentence>  
		</LocalizationSentence>  
		<LocalizationSentence>    
			<code>item_m240_rail</code>    
			<sentence>M240 レール</sentence>  
		</LocalizationSentence>  
		<LocalizationSentence>    
			<code>item_mine_friendly</code>    
			<sentence>味方地雷</sentence>  
		</LocalizationSentence>  
		<LocalizationSentence>    
			<code>item_mine_hostile</code>    
			<sentence>敵地雷</sentence>  
		</LocalizationSentence>  
		<LocalizationSentence>    
			<code>item_bomb_bm21_friendly</code>    
			<sentence>味方爆弾 BM21</sentence>  
		</LocalizationSentence>  
		<LocalizationSentence>    
			<code>item_mine_anit_tank_friendly</code>    
			<sentence>味方対戦車地雷</sentence>  
		</LocalizationSentence>  
		<LocalizationSentence>    
			<code>item_mine_anit_tank_hostile</code>    
			<sentence>敵対戦車地雷</sentence>  
		</LocalizationSentence>  
		<LocalizationSentence>    
			<code>item_land_mine_mark</code>    
			<sentence>地雷マーク</sentence>  
		</LocalizationSentence>  
		<LocalizationSentence>    
			<code>item_level_block_0</code>    
			<sentence>レベルブロック 0</sentence>  
		</LocalizationSentence>  
		<LocalizationSentence>    
			<code>item_stash_0</code>    
			<sentence>隠し場所 0</sentence>  
		</LocalizationSentence>  
		<LocalizationSentence>    
			<code>item_m1014</code>    
			<sentence>M1014</sentence>  
		</LocalizationSentence>  
		<LocalizationSentence>    
			<code>item_svu</code>    
			<sentence>SVU</sentence>  
		</LocalizationSentence>  
		<LocalizationSentence>    
			<code>item_svua</code>    
			<sentence>SVU-A</sentence>  
		</LocalizationSentence>  
		<LocalizationSentence>    
			<code>item_pso1</code>    
			<sentence>PSO-1 スコープ</sentence>  
		</LocalizationSentence>  
		<LocalizationSentence>    
			<code>item_pso1_patch</code>    
			<sentence>PSO-1 アイキャップ</sentence>  
		</LocalizationSentence>  
		<LocalizationSentence>    
			<code>item_rail_fab_1</code>    
			<sentence>FAB ハンドガード用レール</sentence>  
		</LocalizationSentence>  
		<LocalizationSentence>    
			<code>item_svd_10rds</code>    
			<sentence>SVD 10発 マガジン</sentence>  
		</LocalizationSentence>  
		<LocalizationSentence>    
			<code>item_m1014_6rds</code>    
			<sentence>M1014 6発 マガジン</sentence>  
		</LocalizationSentence>  
		<LocalizationSentence>    
			<code>item_m870_ergo_adpater</code>    
			<sentence>M870 AR15 ストックアダプター</sentence>  
		</LocalizationSentence>  
		<LocalizationSentence>    
			<code>item_m870_ergo_handguard</code>    
			<sentence>M870 レールハンドガード</sentence>  
		</LocalizationSentence>  
		<LocalizationSentence>    
			<code>item_m1014_barrel</code>    
			<sentence>M1014 バレル</sentence>  
		</LocalizationSentence>  
		<LocalizationSentence>    
			<code>item_m1014_short_barrel</code>    
			<sentence>M1014 ショートバレル</sentence>  
		</LocalizationSentence>  
		<LocalizationSentence>    
			<code>item_m1014_grip_base</code>    
			<sentence>M1014 折りたたみストックベース</sentence>  
		</LocalizationSentence>  
		<LocalizationSentence>    
			<code>item_m1014_fixed_stock</code>    
			<sentence>M1014 固定ストック</sentence>  
		</LocalizationSentence>  
		<LocalizationSentence>    
			<code>item_m1014_grip</code>    
			<sentence>M1014 グリップ</sentence>  
		</LocalizationSentence>  
		<LocalizationSentence>    
			<code>item_m1014_stock</code>    
			<sentence>M1014 折りたたみストック</sentence>  
		</LocalizationSentence>  
		<LocalizationSentence>    
			<code>item_m1014_rail</code>    
			<sentence>M1014 トップレール</sentence>  
		</LocalizationSentence>  
		<LocalizationSentence>    
			<code>item_m1014_sight</code>    
			<sentence>M1014 リアサイト</sentence>  
		</LocalizationSentence>  
		<LocalizationSentence>    
			<code>item_m1014_handguard</code>    
			<sentence>M1014 ハンドガード</sentence>  
		</LocalizationSentence>  
		<LocalizationSentence>    
			<code>item_m1014_fab_handguard</code>    
			<sentence>M1014 FAB ハンドガード</sentence>  
		</LocalizationSentence>
		<LocalizationSentence>    
			<code>item_x300</code>    
			<sentence>X300 フラッシュライト</sentence>  
		</LocalizationSentence>  
		<LocalizationSentence>    
			<code>item_x300_1</code>    
			<sentence>X300 フラッシュライト</sentence>  
		</LocalizationSentence>  
		<LocalizationSentence>    
			<code>item_sbal</code>    
			<sentence>SBAL フラッシュライト</sentence>  
		</LocalizationSentence>  
		<LocalizationSentence>    
			<code>item_sbal_1</code>    
			<sentence>SBAL フラッシュライト</sentence>  
		</LocalizationSentence>  
		<LocalizationSentence>    
			<code>item_cash_0</code>    
			<sentence>幻想郷デナリウス</sentence>  
		</LocalizationSentence>  
		<LocalizationSentence>    
			<code>item_sun_glasses</code>    
			<sentence>サングラス</sentence>  
		</LocalizationSentence>  
		<LocalizationSentence>    
			<code>item_female_t_shirt</code>    
			<sentence>Tシャツ</sentence>  
		</LocalizationSentence>  
		<LocalizationSentence>    
			<code>item_woman_socks_0</code>    
			<sentence>靴下</sentence>  
		</LocalizationSentence>  
		<LocalizationSentence>    
			<code>item_woman_socks_1</code>    
			<sentence>靴下</sentence>  
		</LocalizationSentence>  
		<LocalizationSentence>    
			<code>item_female_mature</code>    
			<sentence>女性_成熟</sentence>  
		</LocalizationSentence>  
		<LocalizationSentence>    
			<code>item_female_teen</code>    
			<sentence>女性_ティーン</sentence>  
		</LocalizationSentence>  
		<LocalizationSentence>    
			<code>item_female_youth</code>    
			<sentence>女性_若者</sentence>  
		</LocalizationSentence>  
		<LocalizationSentence>    
			<code>item_ak74m</code>    
			<sentence>AK74M</sentence>  
		</LocalizationSentence>  
		<LocalizationSentence>    
			<code>item_pm</code>    
			<sentence>マカロフ PM</sentence>  
		</LocalizationSentence>  
		<LocalizationSentence>    
			<code>item_aimpoint_t1</code>    
			<sentence>Aimpoint T1</sentence>  
		</LocalizationSentence>  
		<LocalizationSentence>    
			<code>item_rmr</code>    
			<sentence>RMR</sentence>  
		</LocalizationSentence>  
		<LocalizationSentence>    
			<code>item_rmr_1</code>    
			<sentence>RMR</sentence>  
		</LocalizationSentence>  
		<LocalizationSentence>    
			<code>item_buis_rear_sight</code>    
			<sentence>Buis リアサイト</sentence>  
		</LocalizationSentence>  
		<LocalizationSentence>    
			<code>item_wise_rear_sight</code>    
			<sentence>Wise リアサイト</sentence>  
		</LocalizationSentence>  
		<LocalizationSentence>    
			<code>item_wise_front_sight</code>    
			<sentence>Wise フロントサイト</sentence>  
		</LocalizationSentence>  
		<LocalizationSentence>    
			<code>item_t1_low_mount_1</code>    
			<sentence>T1 ローマウント</sentence>  
		</LocalizationSentence>  
		<LocalizationSentence>    
			<code>item_t1_low_mount_1_1</code>    
			<sentence>T1 ローマウント</sentence>  
		</LocalizationSentence>  
		<LocalizationSentence>    
			<code>item_t1_high_mount_0_1</code>    
			<sentence>T1 ハイマウント</sentence>  
		</LocalizationSentence>  
		<LocalizationSentence>    
			<code>item_pepr30mm</code>    
			<sentence>Pepr 30mm マウント</sentence>  
		</LocalizationSentence>  
		<LocalizationSentence>    
			<code>item_rmr_rail_mount</code>    
			<sentence>RMR レールマウント</sentence>  
		</LocalizationSentence>  
		<LocalizationSentence>    
			<code>item_elcan_specter_rail_1</code>    
			<sentence>Elcan Specter レッドドットマウント</sentence>  
		</LocalizationSentence>  
		<LocalizationSentence>    
			<code>item_ak74_30rds_1</code>    
			<sentence>AK74 プラム 30発 マガジン</sentence>  
		</LocalizationSentence>  
		<LocalizationSentence>    
			<code>item_pm_8rds</code>    
			<sentence>マカロフ 8発 マガジン</sentence>  
		</LocalizationSentence>  
		<LocalizationSentence>    
			<code>item_m4_mk16_long</code>    
			<sentence>Mk16 ハンドガード</sentence>  
		</LocalizationSentence>  
		<LocalizationSentence>    
			<code>item_m4_mk16_long_1</code>    
			<sentence>Mk16 ハンドガード</sentence>  
		</LocalizationSentence>  
		<LocalizationSentence>    
			<code>item_ar15_socom556</code>    
			<sentence>Socom 556 サプレッサー</sentence>  
		</LocalizationSentence>  
		<LocalizationSentence>    
			<code>item_ar15_socom556_1</code>    
			<sentence>Socom 556 サプレッサー</sentence>  
		</LocalizationSentence>  
		<LocalizationSentence>    
			<code>item_pbs_1</code>    
			<sentence>PBS1 サプレッサー</sentence>  
		</LocalizationSentence>  
		<LocalizationSentence>    
			<code>item_akm_dust_cover</code>    
			<sentence>AKM ダストカバー</sentence>  
		</LocalizationSentence>  
		<LocalizationSentence>    
			<code>item_aks74_stock</code>    
			<sentence>AKS74 ストック</sentence>  
		</LocalizationSentence>  
		<LocalizationSentence>    
			<code>item_ak74m_lower_handguard_1</code>    
			<sentence>AK74 プラム ロアハンドガード</sentence>  
		</LocalizationSentence>  
		<LocalizationSentence>    
			<code>item_ak74m_upper_handguard_1</code>    
			<sentence>AK74 プラム アッパーハンドガード</sentence>  
		</LocalizationSentence>  
		<LocalizationSentence>    
			<code>item_ak_grip_1</code>    
			<sentence>AK プラム グリップ</sentence>  
		</LocalizationSentence>  
		<LocalizationSentence>    
			<code>item_obsidian_9</code>    
			<sentence>Obsidian 9 サプレッサー</sentence>  
		</LocalizationSentence>  
		<LocalizationSentence>    
			<code>item_obsidian_9_1</code>    
			<sentence>Obsidian 9 サプレッサー</sentence>  
		</LocalizationSentence>  
		<LocalizationSentence>    
			<code>item_pm_grip</code>    
			<sentence>マカロフ グリップ</sentence>  
		</LocalizationSentence>  
		<LocalizationSentence>    
			<code>item_wml</code>    
			<sentence>WML フラッシュライト</sentence>  
		</LocalizationSentence>  
		<LocalizationSentence>    
			<code>item_wml_1</code>    
			<sentence>WML フラッシュライト</sentence>  
		</LocalizationSentence>  
		<LocalizationSentence>    
			<code>item_m18_rmr_mount</code>    
			<sentence>M18 RMR マウント</sentence>  
		</LocalizationSentence>  
		<LocalizationSentence>    
			<code>item_m18_fore_sight</code>    
			<sentence>M18 フロントサイト</sentence>  
		</LocalizationSentence>  
		<LocalizationSentence>    
			<code>item_m18_barrel</code>    
			<sentence>M18 バレル</sentence>  
		</LocalizationSentence>  
		<LocalizationSentence>    
			<code>item_m18_barrel_threaded</code>    
			<sentence>M18 スレッドバレル</sentence>  
		</LocalizationSentence>  
		<LocalizationSentence>    
			<code>item_auto_gun_firearm</code>    
			<sentence>自動小銃</sentence>  
		</LocalizationSentence>  
		<LocalizationSentence>    
			<code>item_mission_item_key_1</code>    
			<sentence>鍵 1</sentence>  
		</LocalizationSentence>  
		<LocalizationSentence>    
			<code>item_mission_item_floppy_disk_0</code>    
			<sentence>フロッピーディスク 1</sentence>  
		</LocalizationSentence>  
		<LocalizationSentence>    
			<code>item_mission_item_floppy_disk_1</code>    
			<sentence>フロッピーディスク 2</sentence>  
		</LocalizationSentence>  
		<LocalizationSentence>    
			<code>item_mission_item_floppy_disk_2</code>    
			<sentence>フロッピーディスク 3</sentence>  
		</LocalizationSentence>  
		<LocalizationSentence>    
			<code>item_auto_gun</code>    
			<sentence>自動骨格</sentence>  
		</LocalizationSentence>  
		<LocalizationSentence>    
			<code>item_kamaz</code>    
			<sentence>カマズ</sentence>  
		</LocalizationSentence>  
		<LocalizationSentence>    
			<code>item_fmtv</code>    
			<sentence>FMTV</sentence>  
		</LocalizationSentence>  
		<LocalizationSentence>    
			<code>item_9_18fmj</code>    
			<sentence>9*18FMJ</sentence>  
		</LocalizationSentence>  
		<LocalizationSentence>    
			<code>item_akm</code>    
			<sentence>AKM</sentence>  
		</LocalizationSentence>  
		<LocalizationSentence>    
			<code>item_pb</code>    
			<sentence>マカロフ PB</sentence>  
		</LocalizationSentence>  
		<LocalizationSentence>    
			<code>item_akm_barrel</code>    
			<sentence>AKM バレル</sentence>  
		</LocalizationSentence>  
		<LocalizationSentence>    
			<code>item_akm_muzzle</code>    
			<sentence>AKM マズル</sentence>  
		</LocalizationSentence>  
		<LocalizationSentence>    
			<code>item_akm_stock</code>    
			<sentence>AKM ストック</sentence>  
		</LocalizationSentence>  
		<LocalizationSentence>    
			<code>item_akm_lower_handguard</code>    
			<sentence>AKM ロアハンドガード</sentence>  
		</LocalizationSentence>  
		<LocalizationSentence>    
			<code>item_akm_upper_handguard</code>    
			<sentence>AKM アッパーハンドガード</sentence>  
		</LocalizationSentence>  
		<LocalizationSentence>    
			<code>item_akm_sight</code>    
			<sentence>AKM サイト</sentence>  
		</LocalizationSentence>  
		<LocalizationSentence>    
			<code>item_pb_supressor</code>    
			<sentence>マカロフ PB サプレッサー</sentence>  
		</LocalizationSentence>
		<LocalizationSentence>    
			<code>item_carcano</code>    
			<sentence>カルカノ M38</sentence>  
		</LocalizationSentence>  
		<LocalizationSentence>    
			<code>item_m1_garand</code>    
			<sentence>M1 ガーランド</sentence>  
		</LocalizationSentence>  
		<LocalizationSentence>    
			<code>item_mp9</code>    
			<sentence>MP9</sentence>  
		</LocalizationSentence>  
		<LocalizationSentence>    
			<code>item_ordnance_scope</code>    
			<sentence>オードナンススコープ</sentence>  
		</LocalizationSentence>  
		<LocalizationSentence>    
			<code>item_carcano_clip</code>    
			<sentence>カルカノクリップ</sentence>  
		</LocalizationSentence>  
		<LocalizationSentence>    
			<code>item_garand_clip</code>    
			<sentence>ガーランドクリップ</sentence>  
		</LocalizationSentence>  
		<LocalizationSentence>    
			<code>item_mp9_mag</code>    
			<sentence>MP9 マガジン</sentence>  
		</LocalizationSentence>  
		<LocalizationSentence>    
			<code>item_carcano_poly_stock</code>    
			<sentence>カルカノポリストック</sentence>  
		</LocalizationSentence>  
		<LocalizationSentence>    
			<code>item_carcano_poly_stock_1</code>    
			<sentence>カルカノポリストック</sentence>  
		</LocalizationSentence>  
		<LocalizationSentence>    
			<code>item_carcano_poly_stock_2</code>    
			<sentence>カルカノポリストック</sentence>  
		</LocalizationSentence>  
		<LocalizationSentence>    
			<code>item_carcano_stock</code>    
			<sentence>カルカノストック</sentence>  
		</LocalizationSentence>  
		<LocalizationSentence>    
			<code>item_carcano_rail</code>    
			<sentence>カルカノレール</sentence>  
		</LocalizationSentence>  
		<LocalizationSentence>    
			<code>item_carcano_scope_mount</code>    
			<sentence>カルカノスコープマウント</sentence>  
		</LocalizationSentence>  
		<LocalizationSentence>    
			<code>item_garand_stock</code>    
			<sentence>ガーランドストック</sentence>  
		</LocalizationSentence>  
		<LocalizationSentence>    
			<code>item_garand_barrel</code>    
			<sentence>ガーランドバレル</sentence>  
		</LocalizationSentence>  
		<LocalizationSentence>    
			<code>item_garand_back_cover</code>    
			<sentence>ガーランドバックバレルカバー</sentence>  
		</LocalizationSentence>  
		<LocalizationSentence>    
			<code>item_garand_rail_cover</code>    
			<sentence>ガーランドレールバレルカバー</sentence>  
		</LocalizationSentence>  
		<LocalizationSentence>    
			<code>item_garand_front_cover</code>    
			<sentence>ガーランドフロントバレルカバー</sentence>  
		</LocalizationSentence>  
		<LocalizationSentence>    
			<code>item_garand_cover_ring</code>    
			<sentence>ガーランドカバーリング</sentence>  
		</LocalizationSentence>  
		<LocalizationSentence>    
			<code>item_garand_sight</code>    
			<sentence>ガーランドリアサイト</sentence>  
		</LocalizationSentence>  
		<LocalizationSentence>    
			<code>item_mp9_rail</code>    
			<sentence>MP9 レール</sentence>  
		</LocalizationSentence>  
		<LocalizationSentence>    
			<code>item_mp9_sight</code>    
			<sentence>MP9 リアサイト</sentence>  
		</LocalizationSentence>  
		<LocalizationSentence>    
			<code>item_mp9_silencer</code>    
			<sentence>MP9 サイレンサー</sentence>  
		</LocalizationSentence>  
		<LocalizationSentence>    
			<code>item_mp9_silencer_base</code>    
			<sentence>MP9 サイレンサーマウント</sentence>  
		</LocalizationSentence>  
		<LocalizationSentence>    
			<code>item_mp9_stock</code>    
			<sentence>MP9 ストック</sentence>  
		</LocalizationSentence>
	</sentences>
</LocalizationDB>