﻿<?xml version="1.0" encoding="utf-8"?>
<LocalizationDB xmlns:xsd="http://www.w3.org/2001/XMLSchema" xmlns:xsi="http://www.w3.org/2001/XMLSchema-instance">
  <sentences>
	  <!-- talker-->
	  <LocalizationSentence>
		  <code>eerie2_talker_tip</code>
		  <sentence>ヒント</sentence>
	  </LocalizationSentence>
	  <LocalizationSentence>
		  <code>eerie2_talker_luna</code>
		  <sentence>ルナ</sentence>
	  </LocalizationSentence>
	  <LocalizationSentence>
		  <code>eerie2_talker_alice</code>
		  <sentence>アリス</sentence>
	  </LocalizationSentence>
	  <LocalizationSentence>
		  <code>eerie2_talker_nitori</code>
		  <sentence>にとり</sentence>
	  </LocalizationSentence>
	  <LocalizationSentence>
		  <code>eerie2_talker_reisen</code>
		  <sentence>鈴仙</sentence>
	  </LocalizationSentence>
	  <LocalizationSentence>
		  <code>eerie2_talker_cirno</code>
		  <sentence>チルノ</sentence>
	  </LocalizationSentence>
	  <LocalizationSentence>
		  <code>eerie2_talker_nazrin</code>
		  <sentence>ナズーリン</sentence>
	  </LocalizationSentence>
	  <LocalizationSentence>
		  <code>eerie2_talker_tengu</code>
		  <sentence>天狗</sentence>
	  </LocalizationSentence>
	  <LocalizationSentence>
		  <code>eerie2_talker_kappa</code>
		  <sentence>天狗</sentence>
	  </LocalizationSentence>
	  <LocalizationSentence>
		  <code>eerie2_talker_fairy</code>
		  <sentence>妖精</sentence>
	  </LocalizationSentence>
	  <!-- talker-->
	  <LocalizationSentence>
		  <code>mainmenu_start</code>
	      <sentence>ニューゲーム</sentence>
	  </LocalizationSentence>
	  <LocalizationSentence>
		  <code>mainmenu_exit</code>
		  <sentence>終了</sentence>
	  </LocalizationSentence>
	  <LocalizationSentence>
		  <code>mainmenu_settings</code>
		  <sentence>設定</sentence>
	  </LocalizationSentence>
	  <LocalizationSentence>
		  <code>mainmenu_load</code>
		  <sentence>ロード</sentence>
	  </LocalizationSentence>
	  <LocalizationSentence>
		  <code>mainmenu_save</code>
		  <sentence>セーブ</sentence>
	  </LocalizationSentence>
	  <LocalizationSentence>
		  <code>mainmenu_save_windows</code>
		  <sentence>セーブリスト</sentence>
	  </LocalizationSentence>
	  <LocalizationSentence>
		  <code>mainmenu_credits</code>
		  <sentence>クレジット</sentence>
	  </LocalizationSentence>
	  <LocalizationSentence>
		  <code>mainmenu_urea_tool</code>
		  <sentence>尿素ツール(?)</sentence>
	  </LocalizationSentence>
	  <LocalizationSentence>
		  <code>save_windows_load</code>
		  <sentence>選択した項目を読み込む</sentence>
	  </LocalizationSentence>
	  <LocalizationSentence>
		  <code>save_windows_override</code>
		  <sentence>選択したものを上書き</sentence>
	  </LocalizationSentence>
	  <LocalizationSentence>
		  <code>save_windows_delet</code>
		  <sentence>選択した項目を削除</sentence>
	  </LocalizationSentence>
	  <LocalizationSentence>
		  <code>save_windows_save</code>
		  <sentence>新規セーブ</sentence>
	  </LocalizationSentence>
	  <LocalizationSentence>
		  <code>save_windows_save_name</code>
		  <sentence>新規セーブ名</sentence>
	  </LocalizationSentence>
	  <LocalizationSentence>
		  <code>save_window_save_tip</code>
		  <sentence> セーブ完了</sentence>
	  </LocalizationSentence>
	  <LocalizationSentence>
		  <code>urea_objects</code>
		  <sentence>オブジェクト</sentence>
	  </LocalizationSentence>
	  <LocalizationSentence>
		  <code>urea_weapons</code>
		  <sentence>兵器</sentence>
	  </LocalizationSentence>
	  <LocalizationSentence>
		  <code>urea_characters</code>
		  <sentence>キャラクター</sentence>
	  </LocalizationSentence>
	  <LocalizationSentence>
		  <code>urea_maps</code>
		  <sentence>マップ</sentence>
	  </LocalizationSentence>
	  <LocalizationSentence>
		  <code>urea_vehicle</code>
		  <sentence>車両</sentence>
	  </LocalizationSentence>
	  <LocalizationSentence>
		  <code>urea_ammo</code>
		  <sentence>弾薬</sentence>
	  </LocalizationSentence>
	  <LocalizationSentence>
		  <code>urea_tip0</code>
		  <sentence>WASDでカメラ移動、マウスの右ボタンでカメラ回転。</sentence>
	  </LocalizationSentence>
	  <LocalizationSentence>
		  <code>urea_tip1</code>
		  <sentence>マウスの左ボタンでオブジェクトをスポーンし、マウスの中ボタンでキャンセルし、マウスホイールでスポーンの方向を設定します。</sentence>
	  </LocalizationSentence>
	  <LocalizationSentence>
		  <code>urea_charcater_now</code>
		  <sentence>次のキャラクター</sentence>
	  </LocalizationSentence>
	  <LocalizationSentence>
		  <code>urea_charcater_reset</code>
		  <sentence>デフォルトの文字に戻す</sentence>
	  </LocalizationSentence>
	  <LocalizationSentence>
		  <code>urea_charcater_player</code>
		  <sentence>NPCを生成するにはマウスの左ボタンをクリックし、プレーヤーを生成するにはマウスの右ボタンをクリックします。</sentence>
	  </LocalizationSentence>
	  <LocalizationSentence>
		  <code>settings_save</code>
		  <sentence>セーブ</sentence>
	  </LocalizationSentence>
	  <LocalizationSentence>
		  <code>settings_ok</code>
		  <sentence>確定</sentence>
	  </LocalizationSentence>
	  <LocalizationSentence>
		  <code>settings_cancel</code>
		  <sentence>キャンセル</sentence>
	  </LocalizationSentence>
	  <LocalizationSentence>
		  <code>choose_weapon</code>
		  <sentence>武器の選択</sentence>
	  </LocalizationSentence>
	  <LocalizationSentence>
		  <code>settings_graphic</code>
		  <sentence>グラフィック</sentence>
	  </LocalizationSentence>
	  <LocalizationSentence>
		  <code>settings_gameplay</code>
		  <sentence>ゲームプレイ</sentence>
	  </LocalizationSentence>
	  <LocalizationSentence>
		  <code>settings_control</code>
		  <sentence>コントロール</sentence>
	  </LocalizationSentence>
	  <LocalizationSentence>
		  <code>settings_audio</code>
		  <sentence>オーディオ</sentence>
	  </LocalizationSentence>
	  <LocalizationSentence>
		  <code>settings_gameplay_max_ragdoll</code>
		  <sentence>最大表示死体数</sentence>
	  </LocalizationSentence>
	  <LocalizationSentence>
		  <code>settings_gameplay_hit_mark</code>
		  <sentence>ヒットマーク</sentence>
	  </LocalizationSentence>
	  <LocalizationSentence>
		  <code>settings_gameplay_custom_player</code>
		  <sentence>カスタム・プレイヤー・キャラクターを使用する</sentence>
	  </LocalizationSentence>
	  <LocalizationSentence>
		  <code>settings_gameplay_custom_player_start</code>
		  <sentence>カスタム・プレイヤー・キャラクターの編集</sentence>
	  </LocalizationSentence>
	  <LocalizationSentence>
		  <code>settings_gameplay_custom_player_button</code>
		  <sentence>編集</sentence>
	  </LocalizationSentence>
	  <LocalizationSentence>
		  <code>settings_gameplay_custom_player_change</code>
		  <sentence>キャラクターの変更</sentence>
	  </LocalizationSentence>
	  <LocalizationSentence>
		  <code>settings_gameplay_custom_player_0</code>
		  <sentence>帽子</sentence>
	  </LocalizationSentence>
	  <LocalizationSentence>
		  <code>settings_gameplay_custom_player_1</code>
		  <sentence>顔の装飾</sentence>
	  </LocalizationSentence>
	  <LocalizationSentence>
		  <code>settings_gameplay_custom_player_2</code>
		  <sentence>イヤホン</sentence>
	  </LocalizationSentence>
	  <LocalizationSentence>
		  <code>settings_gameplay_custom_player_3</code>
		  <sentence>ベスト</sentence>
	  </LocalizationSentence>
	  <LocalizationSentence>
		  <code>settings_gameplay_custom_player_4</code>
		  <sentence>トップス</sentence>
	  </LocalizationSentence>
	  <LocalizationSentence>
		  <code>settings_gameplay_custom_player_5</code>
		  <sentence>時計</sentence>
	  </LocalizationSentence>
	  <LocalizationSentence>
		  <code>settings_gameplay_custom_player_6</code>
		  <sentence>グローブ</sentence>
	  </LocalizationSentence>
	  <LocalizationSentence>
		  <code>settings_gameplay_custom_player_7</code>
		  <sentence>ボトム</sentence>
	  </LocalizationSentence>
	  <LocalizationSentence>
		  <code>settings_gameplay_custom_player_8</code>
		  <sentence>レッグウェア</sentence>
	  </LocalizationSentence>
	  <LocalizationSentence>
		  <code>settings_gameplay_custom_player_9</code>
		  <sentence>シューズ</sentence>
	  </LocalizationSentence>
	  <LocalizationSentence>
		  <code>settings_control_sensitivity</code>
		  <sentence>マウス感度</sentence>
	  </LocalizationSentence>
	  <LocalizationSentence>
		  <code>settings_control_zoomInSensitivity</code>
		  <sentence>ズームイン感度</sentence>
	  </LocalizationSentence>
	  <LocalizationSentence>
		  <code>settings_control_aim_switch</code>
		  <sentence>トグル式エイム</sentence>
	  </LocalizationSentence>
	  <LocalizationSentence>
		  <code>settings_control_keybindings</code>
		  <sentence>キーバインド</sentence>
	  </LocalizationSentence>
	  <LocalizationSentence>
		  <code>settings_key_Fire1</code>
		  <sentence>射撃</sentence>
	  </LocalizationSentence>
	  <LocalizationSentence>
		  <code>settings_key_Fire2</code>
		  <sentence>エイム</sentence>
	  </LocalizationSentence>
	  <LocalizationSentence>
		  <code>settings_key_SelectItem</code>
		  <sentence>OKを選択</sentence>
	  </LocalizationSentence>
	  <LocalizationSentence>
		  <code>settings_key_PeekLeft</code>
		  <sentence>左に傾く</sentence>
	  </LocalizationSentence>
	  <LocalizationSentence>
		  <code>settings_key_PeekRight</code>
		  <sentence>右に傾く</sentence>
	  </LocalizationSentence>
	  <LocalizationSentence>
		  <code>settings_key_Radio</code>
		  <sentence>無線リスト</sentence>
	  </LocalizationSentence>
	  <LocalizationSentence>
		  <code>settings_key_Sprint</code>
		  <sentence>スプリント</sentence>
	  </LocalizationSentence>
	  <LocalizationSentence>
		  <code>settings_key_Crouch</code>
		  <sentence>クラウチ</sentence>
	  </LocalizationSentence>
	  <LocalizationSentence>
		  <code>settings_key_Jump</code>
		  <sentence>ジャンプ</sentence>
	  </LocalizationSentence>
	  <LocalizationSentence>
		  <code>settings_key_SwitchTps</code>
		  <sentence>1人称/3人称 切り替え</sentence>
	  </LocalizationSentence>
	  <LocalizationSentence>
		  <code>settings_key_Use</code>
		  <sentence>インタラクティブ</sentence>
	  </LocalizationSentence>
	  <LocalizationSentence>
		  <code>settings_key_NightVision</code>
		  <sentence>（機能なし）</sentence>
	  </LocalizationSentence>
	  <LocalizationSentence>
		  <code>settings_key_Inventory</code>
		  <sentence>インベントリ</sentence>
	  </LocalizationSentence>
	  <LocalizationSentence>
		  <code>settings_key_Reload</code>
		  <sentence>リロード</sentence>
	  </LocalizationSentence>
	  <LocalizationSentence>
		  <code>settings_key_Light</code>
		  <sentence>（機能なし）</sentence>
	  </LocalizationSentence>
	  <LocalizationSentence>
		  <code>settings_key_Selector</code>
		  <sentence>射撃モード</sentence>
	  </LocalizationSentence>
	  <LocalizationSentence>
		  <code>settings_key_Launcher</code>
		  <sentence>グレネードランチャー</sentence>
	  </LocalizationSentence>
	  <LocalizationSentence>
		  <code>settings_key_Unload</code>
		  <sentence>（機能なし）</sentence>
	  </LocalizationSentence>
	  <LocalizationSentence>
		  <code>settings_key_ChargingHandle</code>
		  <sentence>銃を装填</sentence>
	  </LocalizationSentence>
	  <LocalizationSentence>
		  <code>settings_key_Customize</code>
		  <sentence>カスタマイズ</sentence>
	  </LocalizationSentence>
	  <LocalizationSentence>
		  <code>settings_key_Melee</code>
		  <sentence>らんせん</sentence>
	  </LocalizationSentence>
	  <LocalizationSentence>
		  <code>settings_key_Primary</code>
		  <sentence>スロット1</sentence>
	  </LocalizationSentence>
	  <LocalizationSentence>
		  <code>settings_key_Secondary</code>
		  <sentence>スロット2</sentence>
	  </LocalizationSentence>
	  <LocalizationSentence>
		  <code>settings_key_ThirdWeapon</code>
		  <sentence>スロット3</sentence>
	  </LocalizationSentence>
	    <LocalizationSentence>
		  <code>settings_key_FourthWeapon</code>
		  <sentence>スロット4</sentence>
		</LocalizationSentence>
		<LocalizationSentence>
			<code>settings_key_Tool</code>
			<sentence>ツール</sentence>
		</LocalizationSentence>
		<LocalizationSentence>
			<code>settings_key_HostAll</code>
			<sentence>武器をホスト</sentence>
		</LocalizationSentence>
		<LocalizationSentence>
			<code>settings_key_RangeUp</code>
			<sentence>視界範囲アップ</sentence>
		</LocalizationSentence>
		<LocalizationSentence>
			<code>settings_key_RangeDown</code>
			<sentence>視界範囲ダウン</sentence>
		</LocalizationSentence>
		<LocalizationSentence>
			<code>settings_key_ZoomIn</code>
			<sentence>ズームイン</sentence>
		</LocalizationSentence>
		<LocalizationSentence>
			<code>settings_key_ZoomOut</code>
			<sentence>ズームアウト</sentence>
		</LocalizationSentence>
		<LocalizationSentence>
			<code>settings_key_QuickLoad</code>
			<sentence>クイックロード</sentence>
		</LocalizationSentence>
		<LocalizationSentence>
			<code>settings_key_QuickSave</code>
			<sentence>クイックセーブ</sentence>
		</LocalizationSentence>
		<LocalizationSentence>
			<code>settings_key_Map</code>
			<sentence>マップ</sentence>
		</LocalizationSentence>
		<LocalizationSentence>
			<code>settings_key_TimeEffect</code>
			<sentence>バレットタイム</sentence>
		</LocalizationSentence>
		<LocalizationSentence>
			<code>settings_graphic_resoultion</code>
			<sentence>解像度</sentence>
		</LocalizationSentence>
		<LocalizationSentence>
			<code>settings_graphic_quality</code>
			<sentence>画質</sentence>
		</LocalizationSentence>
		<LocalizationSentence>
			<code>settings_graphic_cloth</code>
			<sentence>布シミュレーション</sentence>
		</LocalizationSentence>
		<LocalizationSentence>
			<code>settings_graphic_depthOfField</code>
			<sentence>被写界深度</sentence>
		</LocalizationSentence>
		<LocalizationSentence>
			<code>settings_graphic_windowMode</code>
			<sentence>ウィンドウモード</sentence>
		</LocalizationSentence>
		<LocalizationSentence>
			<code>settings_graphic_contrast</code>
			<sentence>コントラスト</sentence>
		</LocalizationSentence>
		<LocalizationSentence>
			<code>settings_graphic_saturation</code>
			<sentence>彩度</sentence>
		</LocalizationSentence>
		<LocalizationSentence>
			<code>settings_graphic_bloom</code>
			<sentence>ブルーム</sentence>
		</LocalizationSentence>
		<LocalizationSentence>
			<code>settings_graphic_brightness</code>
			<sentence>明るさ</sentence>
		</LocalizationSentence>
		<LocalizationSentence>
			<code>settings_graphic_framerate</code>
			<sentence>フレーム制限</sentence>
		</LocalizationSentence>
		<LocalizationSentence>
			<code>settings_graphic_vsyn</code>
			<sentence>V-Sync</sentence>
		</LocalizationSentence>
		<LocalizationSentence>
			<code>settings_graphic_fov</code>
			<sentence>視野角</sentence>
		</LocalizationSentence>
		<LocalizationSentence>
			<code>settings_graphic_aces</code>
			<sentence>ACES</sentence>
		</LocalizationSentence>
		<LocalizationSentence>
			<code>settings_graphic_acesExposure</code>
			<sentence>ACES露出</sentence>
		</LocalizationSentence>
		<LocalizationSentence>
			<code>settings_graphic_acesBrightness</code>
			<sentence>ACES明るさ</sentence>
		</LocalizationSentence>
		<LocalizationSentence>
			<code>settings_graphic_advance_tip</code>
			<sentence>推奨値には*が表示されます。</sentence>
		</LocalizationSentence>
		<LocalizationSentence>
			<code>settings_graphic_advance</code>
			<sentence>詳細...</sentence>
		</LocalizationSentence>
		<LocalizationSentence>
			<code>settings_graphic_texture_quality</code>
			<sentence>テクスチャ品質</sentence>
		</LocalizationSentence>
		<LocalizationSentence>
			<code>settings_graphic_anit_aliasing</code>
			<sentence>アンチエイリアス</sentence>
		</LocalizationSentence>
		<LocalizationSentence>
			<code>settings_graphic_realtime_shadow</code>
			<sentence>リアルタイムシャドウ</sentence>
		</LocalizationSentence>
		<LocalizationSentence>
			<code>settings_graphic_realtime_shadow_distance</code>
			<sentence>リアルタイムシャドウ距離</sentence>
		</LocalizationSentence>
		<LocalizationSentence>
			<code>settings_graphic_lod_bias</code>
			<sentence>LODバイアス</sentence>
		</LocalizationSentence>
		<LocalizationSentence>
			<code>settings_graphic_object_light_limit</code>
			<sentence>オブジェクトごとの光制限</sentence>
		</LocalizationSentence>
		<LocalizationSentence>
			<code>settings_graphic_render_scale</code>
			<sentence>レンダースケール</sentence>
		</LocalizationSentence>
		<LocalizationSentence>
			<code>settings_graphic_terrain_error</code>
			<sentence>地形エラー</sentence>
		</LocalizationSentence>
		<LocalizationSentence>
			<code>settings_graphic_terrain_distance</code>
			<sentence>地形テクスチャ距離</sentence>
		</LocalizationSentence>
		<LocalizationSentence>
			<code>settings_graphic_terrain_detail_density</code>
			<sentence>地形ディテール密度</sentence>
		</LocalizationSentence>
		<LocalizationSentence>
			<code>settings_graphic_terrain_detail_distance</code>
			<sentence>地形ディテール距離</sentence>
		</LocalizationSentence>
		<LocalizationSentence>
			<code>settings_audio_vehicle</code>
			<sentence>車両音量</sentence>
		</LocalizationSentence>
		<LocalizationSentence>
			<code>settings_audio_main</code>
			<sentence>メイン音量</sentence>
		</LocalizationSentence>
		<LocalizationSentence>
			<code>settings_audio_voice</code>
			<sentence>音声音量</sentence>
		</LocalizationSentence>
		<LocalizationSentence>
			<code>settings_audio_bgm</code>
			<sentence>BGM音量</sentence>
		</LocalizationSentence>
		<LocalizationSentence>
			<code>settings_audio_ambient</code>
			<sentence>アンビエント音量</sentence>
		</LocalizationSentence>
		<LocalizationSentence>
			<code>settings_audio_soundEffect</code>
			<sentence>効果音音量</sentence>
		</LocalizationSentence>
		<LocalizationSentence>
			<code>settings_audio_footstep</code>
			<sentence>足音音量</sentence>
		</LocalizationSentence>
		<LocalizationSentence>
			<code>settings_audio_ui</code>
			<sentence>UIサウンド音量</sentence>
		</LocalizationSentence>
		<LocalizationSentence>
			<code>settings_language</code>
			<sentence>言語</sentence>
		</LocalizationSentence>
		<LocalizationSentence>
			<code>settings_gameplay_difficulty</code>
			<sentence>難易度</sentence>
		</LocalizationSentence>
		<LocalizationSentence>
			<code>settings_gameplay_veryeasyIntroduce</code>
			<sentence>武器の威力は低く、プレイヤーのHPは高い。</sentence>
		</LocalizationSentence>
		<LocalizationSentence>
			<code>settings_gameplay_easyIntroduce</code>
			<sentence>武器の威力は低く、プレイヤーのHPは敵と似ている。</sentence>
		</LocalizationSentence>
		<LocalizationSentence>
			<code>settings_gameplay_normalIntroduce</code>
			<sentence>武器は強力で、プレイヤーのHPは敵と似ている。</sentence>
		</LocalizationSentence>
		<!--  inventory -->
		<LocalizationSentence>
			<code>inventory_operate_split</code>
			<sentence>右クリックで半分を取る</sentence>
		</LocalizationSentence>
		<LocalizationSentence>
			<code>inventory_operate_unload</code>
			<sentence>右クリックで弾薬を取り出す</sentence>
		</LocalizationSentence>
		<LocalizationSentence>
			<code>inventory_operate_auto_load</code>
			<sentence>右クリックで自動的に利用可能な弾薬をロード</sentence>
		</LocalizationSentence>
		<LocalizationSentence>
			<code>inventory_operate_gun</code>
			<sentence>右クリックでカスタマイズ</sentence>
		</LocalizationSentence>
		<LocalizationSentence>
			<code>inventory_operate_armor_unload</code>
			<sentence>右クリックで装甲板を取り出す</sentence>
		</LocalizationSentence>
		<LocalizationSentence>
			<code>inventory_operate_inspect</code>
			<sentence>右クリックで確認</sentence>
		</LocalizationSentence>
		<LocalizationSentence>
			<code>inventory_pickup</code>
			<sentence>持つ</sentence>
		</LocalizationSentence>
		<LocalizationSentence>
			<code>inventory_unuseable_item</code>
			<sentence>武器に必要な部品が欠けており、使用できない</sentence>
		</LocalizationSentence>
		<LocalizationSentence>
			<code>inventory_loot</code>
			<sentence>インベントリを開く</sentence>
		</LocalizationSentence>
		<!--  info -->
		<LocalizationSentence>
			<code>info_window</code>
			<sentence>マップ</sentence>
		</LocalizationSentence>
		<LocalizationSentence>
			<code>info_window_list</code>
			<sentence>タスクリスト</sentence>
		</LocalizationSentence>
		<LocalizationSentence>
			<code>info_show_tip</code>
			<sentence>タスクをクリックして、タスクのナビゲーションマーカーを表示または非表示にする</sentence>
		</LocalizationSentence>
		<LocalizationSentence>
			<code>custom_list_tip</code>
			<sentence>（左クリックでアイテムを選択、右クリックで削除）</sentence>
		</LocalizationSentence>
		<LocalizationSentence>
			<code>viewer_tip</code>
			<sentence>左クリックでオブジェクトをドラッグし、右クリックでオブジェクトを回転させる</sentence>
		</LocalizationSentence>
		<LocalizationSentence>
			<code>viewer_fold</code>
			<sentence>折りたたむ</sentence>
		</LocalizationSentence>
		<LocalizationSentence>
			<code>viewer_unfold</code>
			<sentence>展開する</sentence>
		</LocalizationSentence>
		<LocalizationSentence>
			<code>viewer_gun_spread</code>
			<sentence>精度</sentence>
		</LocalizationSentence>
		<LocalizationSentence>
			<code>viewer_gun_aim_speed</code>
			<sentence>照準速度</sentence>
		</LocalizationSentence>
		<LocalizationSentence>
			<code>viewer_gun_recoil</code>
			<sentence>反動抑制</sentence>
		</LocalizationSentence>
		<LocalizationSentence>
			<code>loading</code>
			<sentence>読み込み中...</sentence>
		</LocalizationSentence>
		<LocalizationSentence>
			<code>conversation_options</code>
			<sentence>会話オプション</sentence>
		</LocalizationSentence>
		<LocalizationSentence>
			<code>afterdown</code>
			<sentence>倒されました</sentence>
		</LocalizationSentence>
		<!--  fire type -->
		<LocalizationSentence>
			<code>fire_type_safe</code>
			<sentence>セーフティー</sentence>
		</LocalizationSentence>
		<LocalizationSentence>
			<code>fire_type_bolt</code>
			<sentence>マニュアル</sentence>
		</LocalizationSentence>
		<LocalizationSentence>
			<code>fire_type_semi</code>
			<sentence>セミオート</sentence>
		</LocalizationSentence>
		<LocalizationSentence>
			<code>fire_type_auto</code>
			<sentence>フルオート</sentence>
		</LocalizationSentence>
		<LocalizationSentence>
			<code>fire_type_double</code>
			<sentence>2連バースト</sentence>
		</LocalizationSentence>
		<LocalizationSentence>
			<code>fire_type_treble</code>
			<sentence>3連バースト</sentence>
		</LocalizationSentence>
		<!--  light type -->
		<LocalizationSentence>
			<code>lightMode_off</code>
			<sentence>オフ</sentence>
		</LocalizationSentence>
		<LocalizationSentence>
			<code>lightMode_visible_light</code>
			<sentence>可視フラッシュライト</sentence>
		</LocalizationSentence>
		<LocalizationSentence>
			<code>lightMode_visible_laser</code>
			<sentence>可視レーザー</sentence>
		</LocalizationSentence>
		<LocalizationSentence>
			<code>lightMode_ir_light</code>
			<sentence>赤外線フラッシュライト</sentence>
		</LocalizationSentence>
		<LocalizationSentence>
			<code>lightMode_ir_laser</code>
			<sentence>赤外線レーザー</sentence>
		</LocalizationSentence>
		<!--  Radio -->
		<LocalizationSentence>
			<code>interactive_radio_enemy</code>
			<sentence>敵を発見</sentence>
		</LocalizationSentence>
		<LocalizationSentence>
			<code>interactive_radio_follow</code>
			<sentence>ついて来て</sentence>
		</LocalizationSentence>
		<LocalizationSentence>
			<code>interactive_radio_stop</code>
			<sentence>ここで待機</sentence>
		</LocalizationSentence>
		<LocalizationSentence>
			<code>interactive_radio_yes</code>
			<sentence>承認</sentence>
		</LocalizationSentence>
		<LocalizationSentence>
			<code>interactive_radio_no</code>
			<sentence>否定</sentence>
		</LocalizationSentence>
		<LocalizationSentence>
			<code>interactive_radio_point_a</code>
			<sentence>A地点へ行け</sentence>
		</LocalizationSentence>
		<LocalizationSentence>
			<code>interactive_radio_point_b</code>
			<sentence>B地点へ行け</sentence>
		</LocalizationSentence>
		<LocalizationSentence>
			<code>interactive_radio_point_c</code>
			<sentence>C地点へ行け</sentence>
		</LocalizationSentence>
		<!--shop-->
		<LocalizationSentence>
			<code>shop_guns</code>
			<sentence>銃器</sentence>
		</LocalizationSentence>
		<LocalizationSentence>
			<code>shop_ammo</code>
			<sentence>消耗品</sentence>
		</LocalizationSentence>
		<LocalizationSentence>
			<code>shop_parts_0</code>
			<sentence>アクセサリー1</sentence>
		</LocalizationSentence>
		<LocalizationSentence>
			<code>shop_parts_1</code>
			<sentence>アクセサリー2</sentence>
		</LocalizationSentence>
		<LocalizationSentence>
			<code>shop_parts_2</code>
			<sentence>アクセサリー3</sentence>
		</LocalizationSentence>
		<LocalizationSentence>
			<code>shop_clothes</code>
			<sentence>服</sentence>
		</LocalizationSentence>
		<!--inter tip-->
		<LocalizationSentence>
			<code>interactive_use_item</code>
			<sentence>使用</sentence>
		</LocalizationSentence>
		<LocalizationSentence>
			<code>interactive_tip_human_loot</code>
			<sentence>バックパックを開く</sentence>
		</LocalizationSentence>
		<LocalizationSentence>
			<code>interactive_tip_opne_box</code>
			<sentence>チェストを開く</sentence>
		</LocalizationSentence>
		<LocalizationSentence>
			<code>interactive_tip_opne_box_key</code>
			<sentence>鍵付きチェストを開く</sentence>
		</LocalizationSentence>
		<LocalizationSentence>
			<code>interactive_tip_transaction</code>
			<sentence>取引</sentence>
		</LocalizationSentence>
		<LocalizationSentence>
			<code>interactive_tip_vehicle_driver</code>
			<sentence>運転席に座る</sentence>
		</LocalizationSentence>
		<LocalizationSentence>
			<code>interactive_tip_vehicle_guner</code>
			<sentence>銃座に座る</sentence>
		</LocalizationSentence>
		<LocalizationSentence>
			<code>interactive_tip_vehicle_seat</code>
			<sentence>助手席に座る</sentence>
		</LocalizationSentence>
		<!-- Warning message -->
		<LocalizationSentence>
			<code>warning_name</code>
			<sentence>お知らせ:</sentence>
		</LocalizationSentence>
		<LocalizationSentence>
			<code>warning_unuseable_item</code>
			<sentence>武器に必要な部品が欠けており、使用できない</sentence>
		</LocalizationSentence>
  	</sentences> 
</LocalizationDB>