﻿<?xml version="1.0" encoding="utf-8"?>
<LocalizationDB xmlns:xsd="http://www.w3.org/2001/XMLSchema" xmlns:xsi="http://www.w3.org/2001/XMLSchema-instance">
  <sentences>
	  <LocalizationSentence>
		  <code>item_2752</code>
		  <sentence>"妊婦"</sentence>
	  </LocalizationSentence>
	  <LocalizationSentence>
		  <code>item_12527</code>
		  <sentence>ライトガンバッテリー</sentence>
	  </LocalizationSentence>
	  <LocalizationSentence>
		  <code>item_12528</code>
		  <sentence>高級ライトガンバッテリー</sentence>
	  </LocalizationSentence>
	  <LocalizationSentence>
		  <code>item_12783</code>
		  <sentence>82式ライトガン</sentence>
	  </LocalizationSentence>
  </sentences>
</LocalizationDB>