﻿<?xml version="1.0" encoding="utf-8"?>
<LocalizationDB xmlns:xsd="http://www.w3.org/2001/XMLSchema" xmlns:xsi="http://www.w3.org/2001/XMLSchema-instance">
  <sentences>
    <LocalizationSentence>
      <code>item_18</code>
      <sentence>長いセーターの左袖</sentence>
    </LocalizationSentence>
    <LocalizationSentence>
      <code>item_19</code>
      <sentence>長いセーターの右袖</sentence>
    </LocalizationSentence>
    <LocalizationSentence>
      <code>item_1016</code>
      <sentence>緑のパンティーストッキング</sentence>
    </LocalizationSentence>
    <LocalizationSentence>
      <code>item_1017</code>
      <sentence>緑のストッキング</sentence>
    </LocalizationSentence>
    <LocalizationSentence>
      <code>item_1273</code>
      <sentence>長いセーター</sentence>
    </LocalizationSentence>
    <LocalizationSentence>
      <code>item_1274</code>
      <sentence>メイド服</sentence>
    </LocalizationSentence>
    <LocalizationSentence>
      <code>item_1275</code>
      <sentence>メイド服</sentence>
    </LocalizationSentence>
    <LocalizationSentence>
      <code>item_2022</code>
      <sentence>メイドカチューシャ</sentence>
    </LocalizationSentence>
    <LocalizationSentence>
      <code>item_3003</code>
      <sentence>M1A2主力戦車</sentence>
    </LocalizationSentence>
    <LocalizationSentence>
      <code>item_3004</code>
      <sentence>T80主力戦車</sentence>
    </LocalizationSentence>
    <LocalizationSentence>
      <code>item_12529</code>
      <sentence>戦車弾</sentence>
    </LocalizationSentence>
    <LocalizationSentence>
      <code>item_13506</code>
      <sentence>スペル</sentence>
    </LocalizationSentence>
  </sentences>
</LocalizationDB>