﻿<?xml version="1.0" encoding="utf-8"?>
<LocalizationDB xmlns:xsd="http://www.w3.org/2001/XMLSchema" xmlns:xsi="http://www.w3.org/2001/XMLSchema-instance">
  <sentences>
    <LocalizationSentence>
      <code>item_carcano</code>
      <sentence>カルカノ M38</sentence>
    </LocalizationSentence>
    <LocalizationSentence>
      <code>item_m1_garand</code>
      <sentence>M1 ガーランド</sentence>
    </LocalizationSentence>
    <LocalizationSentence>
      <code>item_mp9</code>
      <sentence>MP9</sentence>
    </LocalizationSentence>
    <LocalizationSentence>
      <code>item_ordnance_scope</code>
      <sentence>オードナンススコープ</sentence>
    </LocalizationSentence>
    <LocalizationSentence>
      <code>item_carcano_clip</code>
      <sentence>カルカノクリップ</sentence>
    </LocalizationSentence>
    <LocalizationSentence>
      <code>item_garand_clip</code>
      <sentence>ガーランドクリップ</sentence>
    </LocalizationSentence>
    <LocalizationSentence>
      <code>item_mp9_mag</code>
      <sentence>MP9 マガジン</sentence>
    </LocalizationSentence>
    <LocalizationSentence>
      <code>item_carcano_poly_stock</code>
      <sentence>カルカノポリストック</sentence>
    </LocalizationSentence>
    <LocalizationSentence>
      <code>item_carcano_poly_stock_1</code>
      <sentence>カルカノポリストック</sentence>
    </LocalizationSentence>
    <LocalizationSentence>
      <code>item_carcano_poly_stock_2</code>
      <sentence>カルカノポリストック</sentence>
    </LocalizationSentence>
    <LocalizationSentence>
      <code>item_carcano_stock</code>
      <sentence>カルカノストック</sentence>
    </LocalizationSentence>
    <LocalizationSentence>
      <code>item_carcano_rail</code>
      <sentence>カルカノレール</sentence>
    </LocalizationSentence>
    <LocalizationSentence>
      <code>item_carcano_scope_mount</code>
      <sentence>カルカノスコープマウント</sentence>
    </LocalizationSentence>
    <LocalizationSentence>
      <code>item_garand_stock</code>
      <sentence>ガーランドストック</sentence>
    </LocalizationSentence>
    <LocalizationSentence>
      <code>item_garand_barrel</code>
      <sentence>ガーランドバレル</sentence>
    </LocalizationSentence>
    <LocalizationSentence>
      <code>item_garand_back_cover</code>
      <sentence>ガーランドバックバレルカバー</sentence>
    </LocalizationSentence>
    <LocalizationSentence>
      <code>item_garand_rail_cover</code>
      <sentence>ガーランドレールバレルカバー</sentence>
    </LocalizationSentence>
    <LocalizationSentence>
      <code>item_garand_front_cover</code>
      <sentence>ガーランドフロントバレルカバー</sentence>
    </LocalizationSentence>
    <LocalizationSentence>
      <code>item_garand_cover_ring</code>
      <sentence>ガーランドカバーリング</sentence>
    </LocalizationSentence>
    <LocalizationSentence>
      <code>item_garand_sight</code>
      <sentence>ガーランドリアサイト</sentence>
    </LocalizationSentence>
    <LocalizationSentence>
      <code>item_mp9_rail</code>
      <sentence>MP9 レール</sentence>
    </LocalizationSentence>
    <LocalizationSentence>
      <code>item_mp9_sight</code>
      <sentence>MP9 リアサイト</sentence>
    </LocalizationSentence>
    <LocalizationSentence>
      <code>item_mp9_silencer</code>
      <sentence>MP9 サイレンサー</sentence>
    </LocalizationSentence>
    <LocalizationSentence>
      <code>item_mp9_silencer_base</code>
      <sentence>MP9 サイレンサーマウント</sentence>
    </LocalizationSentence>
    <LocalizationSentence>
      <code>item_mp9_stock</code>
      <sentence>MP9 ストック</sentence>
    </LocalizationSentence>
  </sentences>
</LocalizationDB>